power,pitch_mean,pitch_sd,voiced_fr,tempogram,label
0.0145769326952031,318.8569844343263,83.20266626197832,0.6186612576064908,0.1498347359471903,Starwars
0.0136736197295044,102.81878075695896,19.856034221721973,0.6188524590163934,0.1652051030963059,Harry
0.103243905611989,159.9637950910897,30.50578280623154,0.690566037735849,0.1380792453573912,Harry
0.011559335007521,181.3370277032598,49.18266551264862,0.8754863813229572,0.1604267901324127,Harry
0.0086969056868789,405.7606263671576,37.81714269608878,0.7591125198098256,0.1689106501735388,Starwars
0.0369394381287128,123.68170330009735,33.49390803202903,0.7251798561151079,0.1130003323636069,Starwars
0.0493374212260632,383.9479033090637,96.64337878857916,0.7345065034429993,0.2738269482344649,Harry
0.0061175714484038,228.1880989434847,41.112743027422574,0.7307979120059657,0.0848186716219449,Starwars
0.1293430934106116,317.64070284695407,64.57904988634664,0.905248807089298,0.2176870754787939,Harry
0.0277685644738961,129.56404600277102,22.98382353726705,0.5323741007194245,0.0701519276905327,Starwars
0.0276762267056913,380.0869550572432,31.988653668958413,0.6212121212121212,0.2084847691208059,Starwars
0.0094316454585474,127.22257778289418,28.57814061941137,0.84375,0.0894550535751753,Starwars
0.0250546023999298,165.0126173357018,38.81096077720247,0.8158772515010007,0.1313273514745387,Harry
0.0173073948836404,163.1293832649005,31.447749046148274,0.8703170028818443,0.189533329653592,Starwars
0.0092363730125497,393.0380352246876,36.86991592919371,0.5798175598631699,0.1510862462920675,Harry
0.0276132613462879,185.7828168443733,44.82209691198347,0.892679459843639,0.2144316019437894,Harry
0.0065666285161781,407.27670928262125,34.348099232223746,0.8204144282425173,0.1835761303791686,Starwars
0.0573461927438571,149.47561668665747,32.70972505760063,0.7395069953364424,0.1125435761454515,Harry
0.047331610208953,193.83930847937188,38.318344696362445,0.7432744043043813,0.2299738462013688,Harry
0.0469441664049005,314.1594176378176,71.47227964389243,0.6564102564102564,0.1486643605881217,Starwars
0.0177533946745179,231.3248112918421,57.28132900199595,0.7776152158010241,0.2027919816732308,Starwars
0.0081515883937943,115.42825525360892,33.81850892994524,0.6803212851405622,0.1123948981223319,Harry
0.0448850677457294,200.9529019494216,40.44854886487513,0.8356566397652238,0.2538278007013076,Harry
0.0896667854402474,402.7437583027102,37.86972018252397,0.8263229308005428,0.2605255480893206,Harry
0.0466609167446335,161.97603656204276,21.14660419491348,0.797683923705722,0.2692428922522524,Harry
0.0155567852768128,163.2286202477517,28.6298898234532,0.841897233201581,0.1796381583373766,Starwars
0.0047663944636697,175.09968716447813,30.884781851131823,0.559971611071682,0.1515038875294521,Starwars
0.0316858428784985,123.7020655856388,18.95387430952013,0.5632772494513534,0.1844576629887121,Starwars
0.0263690137043211,406.2895687307632,38.300555455280914,0.7206123564789503,0.1920394041494096,Harry
0.0511953626367261,215.15925785727927,49.960454484112574,0.7820590006020469,0.123859949011907,Starwars
0.0579023062337646,295.6391913638008,53.01052931559602,0.756859756097561,0.2857620079513425,Harry
0.0342856336522985,298.63664637988387,71.53784063972311,0.8118735543562067,0.1854261481992653,Harry
0.0963651152034684,245.01977660697068,41.17067426615877,0.8264642082429501,0.2370824670798867,Harry
0.0534218358765671,258.8452621889391,58.04846056751446,0.8182515337423313,0.1999229368195142,Starwars
0.1352483249465124,349.4663580754705,59.71819874753293,0.8708881578947368,0.2026273813660372,Starwars
0.0272459626823131,168.1765512189489,27.39584783727369,0.8236514522821576,0.2524176750275067,Harry
0.027014759681263,238.16397197811185,74.85964498311722,0.625422582826234,0.0784251897970834,Starwars
0.0173775283103925,122.91617543319768,26.832769593345407,0.7335264301230991,0.1535257244816228,Starwars
0.0458592021456924,370.7152272262818,39.959114076896746,0.6650280898876404,0.183254993765237,Starwars
0.0300574314125194,388.4012776599619,32.297282495303975,0.8423076923076923,0.2135074440781139,Harry
0.0438285642704266,154.24388350600722,27.82831788119781,0.7800910865322056,0.1796328928348601,Harry
0.005160278431088,395.9059611856584,38.51484884325745,0.7496984318455971,0.2027075825529247,Starwars
0.0203887199419475,249.1966755765715,70.47822580825127,0.8876923076923077,0.2186402218145618,Starwars
0.0267924894642895,244.07169925581167,63.16975413390904,0.8396421197522368,0.185859520471511,Harry
0.0287054171157626,408.6614850435818,28.17016414976923,0.6492753623188405,0.2120914802592229,Harry
0.0218560027015959,131.4624867045404,27.997125606507048,0.6664190193164933,0.1238120215054182,Starwars
0.0534507253636067,385.41267181089046,36.82694985254053,0.7509238728750924,0.1855432917453766,Harry
0.0295374415117476,217.33275162068324,62.681590918630704,0.7708649468892261,0.1206627217761333,Starwars
0.0243108029960053,180.3862636427847,39.724341940491584,0.6700077101002313,0.232449929632921,Harry
0.0424345786506738,386.4002758918146,32.37835925971777,0.781038374717833,0.1981972416009529,Starwars
0.0470952560097618,182.37537219130212,32.96358695051139,0.8772727272727273,0.1768054657441026,Starwars
0.0314516086605655,384.8316727552058,35.2908867724133,0.7112223016440314,0.2031903679784142,Starwars
0.008670251712396,166.82445738580546,34.142162843995926,0.8705722070844687,0.2343385474890531,Harry
0.0343136088324643,162.06162992612943,34.22350511723903,0.7657384987893463,0.1873800566602881,Harry
0.0006202509060387,299.8479014610974,49.95673768302771,0.7054306088864509,0.2036433516719897,Harry
0.0431490064107184,175.6582467427822,28.64909508521657,0.8458702064896755,0.2404018836560395,Starwars
0.0015396722790016,192.56629414850337,38.95264618940831,0.8389154704944178,0.1658158983642046,Harry
0.039081494385567,331.56117456228304,59.884899461356135,0.8213474640423921,0.2077542438855083,Starwars
0.0169918505200445,429.2047346431439,36.470763194532296,0.5133858267716536,0.1488369786182598,Starwars
0.0034549538967264,193.5763799120657,41.59336408409911,0.6630851880276285,0.1963266683376842,Starwars
0.0242632917613922,332.4974042176264,120.2427718653381,0.5570079883805374,0.2040239860669281,Harry
0.0463526121765524,229.56119502503392,37.277380550848605,0.7559840425531915,0.211076543505267,Starwars
0.0307894647748614,127.87063135487551,23.111924231482902,0.6538740043446778,0.2006343659165788,Harry
0.0211733430834139,347.4914419566048,63.92552017569928,0.738276299112801,0.2310354822605622,Starwars
0.0436902872606553,148.04522729910846,24.94652669535628,0.9106317411402156,0.1185827435574797,Harry
0.0399702521821278,160.92042978608578,28.53174036744828,0.6858789625360231,0.1668481959912706,Harry
0.0362116385437144,382.5967630414928,34.3681986117856,0.7565028901734104,0.284060271901762,Harry
0.0331898928609133,330.2261718293062,60.71664228736388,0.8495370370370371,0.1660572894963126,Harry
0.0294500060258807,158.22576632626684,23.340704070828597,0.7692307692307693,0.1125433746448215,Starwars
0.0131129849076784,424.82721432590233,24.97945623522389,0.4853046594982079,0.1964668614771353,Starwars
0.0679316414614403,398.7127350301985,28.255177507764344,0.5730337078651685,0.1828739641947729,Starwars
0.0326481406259354,160.77318410474814,21.674825242313915,0.7741194486983155,0.1373508495502979,Starwars
0.0381539126476609,117.53410517693084,26.334647924828936,0.7086677367576244,0.214092113963124,Harry
0.038875122263896,126.70867769483516,34.89218545874046,0.756578947368421,0.1416950097716844,Starwars
0.0262513798616878,404.4744554659112,24.542434149223805,0.7461969575660529,0.1939324577764156,Starwars
0.019455105852686,260.89647490202367,60.677946454225975,0.8790322580645161,0.1062984042508114,Harry
0.0131191214913341,258.9549099123764,36.581422888824434,0.763000852514919,0.202458435658337,Starwars
0.0357970848173204,322.95900228182,63.51174716823599,0.7512919896640827,0.1022477491521917,Starwars
0.1577212235320634,312.3636633447388,52.932831397338575,0.9195156695156697,0.2272677656970045,Harry
0.0227774047461802,402.2273162991581,44.29666654117801,0.7253957329662767,0.1619859422928245,Harry
0.0258023154555325,373.0263067900976,37.90154166284997,0.8396564065855404,0.2251429072325502,Harry
0.0300344432739141,318.6343955586162,71.12221358479698,0.7764518695306285,0.1033595093909534,Starwars
0.0552454090191824,251.6662927483952,66.54102147895175,0.8115384615384615,0.2343871844673536,Starwars
0.0105017763544431,328.8691098851899,58.56184307881666,0.7619363395225465,0.1400117178420668,Harry
0.0189902989887538,166.5682445276671,25.15602526327039,0.7015895953757225,0.1717759619321165,Starwars
0.0390356640990944,416.4774611756076,26.77479875391941,0.6622837370242215,0.2232437707371816,Harry
0.0287537819581013,133.66570153622766,28.76301258030463,0.6715160796324655,0.2156633567909035,Starwars
0.0041640483727424,393.6175164441676,32.03594920079647,0.6517664023071377,0.1429703584173442,Harry
0.0530939254763386,199.704283982191,36.92716635389375,0.8047839506172839,0.184125434707377,Starwars
0.0185385476514167,390.4698625766009,39.61357808711387,0.7644927536231884,0.2896109926000583,Harry
0.0478636408995401,275.3467727316132,67.48986025946193,0.8153013910355487,0.1564785456925209,Harry
0.0129353237723434,411.4183073924567,32.64714513392579,0.6018457481872116,0.2572216539823355,Harry
0.0211875119882262,430.18984077084735,12.433799558974885,0.6885119506553585,0.2896489279307752,Harry
0.0164798676498292,430.0621828682017,21.10542935774128,0.6793442622950819,0.1590162038065204,Starwars
0.0230608901410299,297.1792552112817,87.36594909044817,0.6934919524142757,0.1747058205662556,Harry
0.0113705320213965,388.6017000164357,35.51952045009702,0.5464663327768503,0.2427391122044167,Harry
0.030688361338049,231.93072529637257,57.40885689091578,0.7984678845020624,0.142334452454095,Starwars
0.0433532410883808,339.71003970786995,76.81101829113226,0.7539808917197452,0.2247930685249636,Harry
0.0228386130857871,291.44611460970924,39.682250542636105,0.7184615384615385,0.0897159885618486,Starwars
0.1078512541491727,271.02316663091494,73.05971881901772,0.868232224396608,0.2355253773016863,Harry
0.0205265318835532,396.2868294459004,26.013398979303776,0.3824786324786324,0.2342880804442855,Harry
0.0192074478307773,180.9403472658508,44.073776077094095,0.7661042944785276,0.0755981808648045,Starwars
0.0505868478111157,336.0752725293331,61.21464951344798,0.9112964366944656,0.2474470532492541,Harry
0.0237781455438942,247.66044253989392,70.5973285799662,0.7054263565891473,0.0797412046090099,Starwars
0.0185214540761647,184.75466552952332,41.48164410053244,0.8059163059163059,0.189346808622389,Harry
0.0229701855003598,163.80277104656537,28.483497807054928,0.8667642752562226,0.1552090242241958,Starwars
0.111850320367941,412.31666020473136,34.95750435191528,0.1475272422464375,0.3008768596658738,Harry
0.0641798274342835,319.55642196265245,63.14896586504213,0.8372703412073491,0.2237918491966617,Harry
0.0114555564988799,399.08510222535057,38.82590380196975,0.4846491228070175,0.1879475072903986,Harry
0.0916953237433182,391.2543501159636,39.21302536250987,0.6874530428249437,0.1713773957099788,Harry
0.0380171439774855,187.5412172713734,48.27076606188576,0.8153153153153153,0.1249039007064939,Harry
0.0332767160564886,148.43865459143478,39.77693256291562,0.597953216374269,0.1262753505567707,Harry
0.004759672949415,404.3621929102847,40.58202125796724,0.6574585635359116,0.209929670536996,Starwars
0.0282396917076157,234.6232174014059,73.78701382492127,0.8474350433044637,0.1599917530054327,Starwars
0.014119812890854,397.4737016789752,36.18471626046224,0.8018555334658715,0.2192650273425863,Harry
0.0275168367225077,183.44237091418185,54.95865540005554,0.8367346938775511,0.1245542144577409,Harry
0.0307467031639582,158.40258004609302,24.27823395772235,0.8763029881862404,0.1744861220016544,Harry
0.1640802572662207,424.49619635532497,12.626633134020508,0.1102497846683893,0.3081231942456319,Starwars
0.0464290095771589,392.6936200785664,39.12984076747452,0.8367975365665897,0.1969323713669422,Starwars
0.0383227910330361,333.5363654823596,53.04309518655053,0.8369127516778524,0.2569007501339229,Harry
0.011025203480266,250.24653557448516,57.33117993509151,0.7864741641337386,0.063524710624321,Starwars
0.024825892708358,411.461140428276,22.336439611408185,0.5164835164835165,0.2677467778355091,Harry
0.0279877627499287,194.39595203950216,58.90025206858749,0.8651477832512315,0.1989852186520656,Starwars
0.0283029265292722,406.5394594474736,29.857453426572285,0.6630944407233758,0.1965076352513042,Starwars
0.0202817499618842,401.33267518992415,30.86439428108272,0.6696035242290749,0.224032474069819,Harry
0.0359536979391847,142.1749779982216,34.448964106084496,0.6997808619430241,0.1781577359765927,Harry
0.0443105721469614,392.810387746507,41.559962792296126,0.5409165302782324,0.2951045671092203,Harry
0.1122188437953727,403.6775445067295,33.03841903286445,0.7747886241352806,0.2311960050164281,Starwars
0.0494447147735652,322.73597737305005,74.20577880378747,0.873955960516325,0.1555297623809066,Starwars
0.053214903712224,191.4276875095436,51.314369130235264,0.9093725793958172,0.2542760202082751,Harry
0.0297099552343494,391.4415206097164,28.39356985805591,0.6127450980392157,0.2558497167543692,Starwars
0.0200972705959931,172.63761945061987,33.055432853607535,0.5413371675053918,0.2721726509509961,Starwars
0.0171713722567344,407.8733166872332,34.862090912366234,0.7835472578763127,0.2356108166018305,Starwars
0.0460060428699158,207.85395878256708,45.34537436185739,0.7873651771956857,0.0922591000056663,Starwars
0.0327849633562447,150.21390927644725,24.297054491074817,0.723314606741573,0.0897401416297116,Starwars
0.0302335492094987,153.25603540118135,33.05700807394061,0.8356566397652238,0.0762227538352448,Harry
0.0366550767980808,238.96873057413663,39.198143274052825,0.7804532577903682,0.1901529004327881,Harry
0.0448069603434538,241.5838616443345,38.03718777902813,0.7936507936507936,0.2036063940535005,Harry
0.0806673925627702,407.422656611124,29.37582889990864,0.809553739786298,0.15098399130589,Starwars
0.0360507709838346,180.33105639539383,40.74399015376519,0.7843137254901961,0.2175191297089087,Harry
0.0199121412026838,143.6977727008177,34.51045031592403,0.6798245614035088,0.1466170772634217,Starwars
0.0234983971584087,213.0279372410424,46.1844688938071,0.509448223733938,0.094403931079147,Harry
0.0117459547372511,279.37805250526645,38.62671021652735,0.8542791056283732,0.0802285455090138,Starwars
0.0325849271724244,190.31938450819644,51.73570695266871,0.6525855790240349,0.0682037691215587,Harry
0.0274087704864202,125.89787557476062,32.05678488735552,0.6791181873851806,0.064096457600988,Starwars
0.0420332239907301,135.2964627153594,28.79979257768573,0.5272727272727272,0.1693519833232104,Starwars
0.0435826980341419,157.2109991663461,30.40104434465545,0.8025241276911655,0.1195747046998101,Starwars
0.0489647271611854,204.7848749779064,45.59026132325312,0.7122736418511066,0.1445005625746382,Harry
0.0360249719828646,407.1688056965882,21.821993925185637,0.671990171990172,0.1786923739456691,Starwars
0.007412328544651,401.4543844368137,30.768437908727787,0.5892351274787535,0.1581481392112476,Starwars
0.0244011655393439,327.7970537930396,70.0055416176049,0.84,0.1210535988951033,Harry
0.0329724050396657,296.490492788752,30.392421666996903,0.7191358024691358,0.1891483496196378,Starwars
0.0476654404020032,394.526217867711,21.049725429864736,0.7809452363090773,0.1088157554233639,Starwars
0.0163426579016664,168.45090858982692,28.735152610569852,0.7688751926040062,0.165979350268026,Starwars
0.0339441964285714,190.3309165252426,42.7702101559921,0.8676470588235294,0.1549590438621,Starwars
0.0281791481644436,183.8403643725683,45.37672655084598,0.8493611297915266,0.2542997473566685,Harry
0.0599850386364978,259.46820108229736,57.40066905684333,0.537410071942446,0.2689670775250956,Starwars
0.0311548570009458,238.54063575029105,66.46516704876358,0.6182950191570882,0.0901303439108785,Starwars
0.044444990089975,141.41478557403073,20.4762288028241,0.8757062146892656,0.1794447213556708,Starwars
0.0254164181489756,191.5914273218901,54.25115849564993,0.8619572261827608,0.1248067087526544,Starwars
0.0509408480438494,224.78549254625983,45.81714841449522,0.8565891472868217,0.1166456046553376,Starwars
0.0289715791163078,134.2091325185258,33.73758237135912,0.795751633986928,0.1396828062302036,Starwars
0.0904328297778398,367.25118910398896,47.804764697461565,0.6254653760238272,0.2183006294957307,Harry
0.0353857012526581,323.7155197824312,66.71171863241914,0.8064269319051263,0.2402282638835597,Harry
0.0307400808563929,385.3694790027318,44.71560541122169,0.6835626357711803,0.1817027245118887,Harry
0.0153538303749234,161.3844288313484,31.476443645915992,0.6120689655172413,0.0950645580106733,Starwars
0.0445918525990365,108.69358350667544,18.047090689275848,0.5373032169746749,0.1108901496146146,Harry
0.0205032770798004,232.01189659887737,49.379255550059135,0.7910447761194029,0.1666450373640108,Starwars
0.0321053079983161,180.63634127388573,37.85298094742705,0.652271034996277,0.0744704644221778,Harry
0.039598584258883,165.05970026075846,62.647315575280814,0.8764044943820225,0.2844255961652244,Harry
0.0275454614480576,282.0534607435433,40.00118045892528,0.830622009569378,0.1940665447833962,Starwars
0.025027872743074,167.19068130751526,41.11524815380482,0.7472677595628415,0.2043340486532851,Harry
0.0218939978229112,342.0997722412541,53.11279037108292,0.8205705705705706,0.1654081385863624,Harry
0.0328984322191696,199.2586481621176,51.367154768711416,0.6410048622366289,0.1438146626617314,Starwars
0.041070362933588,231.9273242012769,46.083466851439375,0.8196834136269787,0.1031970360224,Starwars
0.0287018689976557,133.13056399604633,26.727298303357784,0.7639318885448917,0.1651176492570144,Starwars
0.0350401542540081,319.702346827926,64.68409102403488,0.7361111111111112,0.1051738397927003,Harry
0.0438355201144425,235.5487053255852,41.503385382448144,0.7001375515818432,0.2314181920169041,Harry
0.0236484151684545,277.5885893105935,29.609634020055047,0.8851000741289844,0.1832837138555961,Starwars
0.0383276449585796,178.0572043349306,38.59546718275775,0.6972087378640777,0.1977630754190261,Harry
0.0526025388456017,227.327410787179,39.46947844067621,0.8828125,0.1884634093127649,Harry
0.0506634120004581,180.4268222029751,51.54468883514506,0.7733860342555995,0.1972548311497977,Harry
0.0201713498022929,403.3442952742353,35.02388752330653,0.6756756756756757,0.1741173061053506,Harry
0.0402731047087013,254.53355733677847,29.91410415222157,0.8248017303532804,0.1332709186616065,Starwars
0.0413191870945255,256.8218895642254,82.51683728680894,0.6664127951256664,0.2736981841353221,Harry
0.0119371001253423,161.03983598217962,25.592248024723,0.804945054945055,0.2286896151868987,Starwars
0.0358938180749948,179.16408457657937,45.66560536807558,0.8608179419525066,0.2397334030766497,Harry
0.0509495420690877,402.0069690929807,33.52348554706957,0.6057185854025583,0.295654437631872,Starwars
0.0800702097350084,397.8687038677364,41.08138598497264,0.6410256410256411,0.2144356088886669,Harry
0.0292134151772858,106.78585317624376,19.675759046731336,0.5508155583437893,0.1456129505514705,Starwars
0.0161084399422869,411.3574570136104,28.54416702771322,0.6762797404470079,0.282956894346022,Harry
0.0218922085260437,415.7628004179553,17.854822140093496,0.6775389177168273,0.1819479640447988,Starwars
0.0304979603343499,187.11488351589853,24.220051980750373,0.7543859649122807,0.1000812881938618,Starwars
0.0308251018650479,398.49481345747023,34.291336314676315,0.8530701754385965,0.219111895371496,Harry
0.038222102539385,143.12889701747676,28.8280742669665,0.7702970297029703,0.2014751739858808,Starwars
0.0292108152014622,131.2758881972727,33.5160412752858,0.8467625899280575,0.160592530152652,Harry
0.0358472707640324,144.7875008492941,33.85557948249025,0.6748466257668712,0.129501242165082,Starwars
0.0109154549578563,188.06276469723048,38.39142782456226,0.7009148486981,0.188926429365828,Starwars
0.0143082920197517,285.41948017455024,66.48704340281157,0.7485493230174082,0.199154969942978,Starwars
0.0484465532761844,178.33881713006534,37.48615909248361,0.9038076152304608,0.1994580679059787,Harry
0.0998462388252408,394.4072579900788,42.56461277972732,0.7997373604727511,0.1298118601597765,Starwars
0.0236273364537788,128.92733330780746,33.46302739934426,0.739288307915759,0.1516472876234781,Starwars
0.0094411100348388,342.3525641024651,77.01877777662095,0.7746675997200839,0.1616699087542419,Harry
0.0500663271333118,234.42558144320205,18.70843507248104,0.8570183086312119,0.0918345004016053,Starwars
0.0295804156409678,423.3588506147829,12.519212981311238,0.7590975254730713,0.1520861250081277,Harry
0.0214701007761518,323.2813020106111,62.74510590510604,0.690771349862259,0.2496101420656575,Harry
0.0378616213975654,238.12070988867663,71.99871078672898,0.8819599109131403,0.1196354313892693,Starwars
0.0731874721564962,180.68285215157115,39.40906481244553,0.8153745072273325,0.1230153439761707,Harry
0.0337723564130356,392.6943021564701,43.10876958934099,0.8602150537634409,0.1851011815264015,Harry
0.0131786105360774,328.9486558973963,54.93020494797816,0.839824120603015,0.1811919356648021,Harry
0.0222419563970064,244.19570913774305,68.49240598424305,0.7896399241945673,0.085841343981325,Starwars
0.0122788424865441,212.08878362271236,34.677112497249134,0.9401381427475056,0.1613152525101718,Starwars
0.0262022219039063,297.736767992006,63.46228254455929,0.8725038402457758,0.1279635054818413,Harry
0.0684678662823566,327.54033173760047,70.19015266533837,0.8592307692307692,0.2529582671534146,Harry
0.0573116864680702,163.26242929786875,40.88562910730945,0.9853372434017597,0.2525755830660145,Harry
0.014858016187739,393.7282981584713,46.49063640008593,0.8408408408408409,0.1682027903393179,Harry
0.059075320760409,396.16891870953,36.77353990796082,0.730644111906311,0.2574790076251744,Harry
0.0523023329001076,374.78227752972543,33.88238241898713,0.7576832151300237,0.2348638707916756,Starwars
0.0271643212270717,189.47299713635653,40.7428948630214,0.8263254113345521,0.1722203216367379,Harry
0.0141904320253544,316.7776749193418,61.87724558617523,0.903457273320287,0.2088088519365368,Harry
0.0303816648255241,274.1193573791941,58.40636632241335,0.8321579689703809,0.2008500892235301,Harry
0.0299605674992978,169.21420392726424,41.89810981662035,0.7341606792945787,0.1672714693398415,Harry
0.0316868278027418,191.3836798326006,28.99652813960611,0.679196370706416,0.102477255133785,Starwars
0.024526407834467,226.815993475979,31.74740772260955,0.800462249614792,0.2009140516045653,Starwars
0.039232450026784,127.31758573760123,27.02217482480965,0.7602905569007264,0.1794228313616217,Starwars
0.1953285285886024,399.21626055314056,34.48908454703669,0.684993531694696,0.1658731472283115,Starwars
0.0232608730510129,133.7490497612228,25.885707470075666,0.8021680216802168,0.1849677596509871,Starwars
0.045488731261986,403.3402877320013,29.828038267664976,0.620253164556962,0.2239972578589599,Starwars
0.0048689425625684,170.67962671296587,31.54088331013321,0.7154861944777912,0.1880046883709862,Harry
0.0267986327720019,270.1458467698891,28.55738033662765,0.8181203515889114,0.2984720001985884,Harry
0.0137375823528239,152.91693223908288,26.44525081676989,0.8469230769230769,0.2073131989855489,Harry
0.0346560318980989,177.18371431484542,30.937869440562416,0.8804682686383241,0.25465508280575,Starwars
0.1081855353407972,239.814886945884,36.25547211776395,0.8326180257510729,0.101776824808668,Starwars
0.0065043516196616,214.8942908285675,52.97056957334209,0.8278247501921598,0.1175667673316055,Starwars
0.0215643061735211,410.0145604136702,27.735707668445663,0.574299634591961,0.2544234912634732,Starwars
0.0024177323800518,400.52408404206335,30.31720695032871,0.716523101018011,0.1284654721341393,Harry
0.0443593398502939,273.4071441489928,64.44646061016749,0.7687022900763358,0.1583541047325312,Starwars
0.0266981025687076,102.69225799919572,19.52503022460587,0.6090064331665476,0.1691679309337494,Harry
0.0415274512087367,145.67944670691637,22.385102651338517,0.8214511041009463,0.2132243788802511,Starwars
0.0153109732969307,312.82886394722044,60.74414160591554,0.902852737085582,0.164280830556925,Harry
0.0623933866220751,199.8628581275151,61.64323788801225,0.784219001610306,0.1617153802480979,Starwars
0.039648566369645,183.809373209905,34.32788210629981,0.852309694209499,0.2692007103670798,Harry
0.0069277878672973,278.70021907093644,44.47345385866222,0.8684640522875817,0.2043040890602947,Starwars
0.007753801674469,186.9858480003409,16.388654053247546,0.8451612903225807,0.1299748695840825,Starwars
0.0551935654709718,172.3376144191596,41.04895859196257,0.781715095676825,0.113876536409483,Harry
0.0324573516845703,423.01120931632926,9.91807048001236,0.7091660923501034,0.2391307514495252,Starwars
0.0469814490533555,185.52790265170336,41.924691523755406,0.8030619345859429,0.1463344810652453,Harry
0.0400460155389519,403.53957356231314,32.06340853577042,0.6016691957511381,0.1935114543595067,Harry
0.0224934675209966,307.7564804254677,50.16783523701698,0.6379613356766256,0.1329539505858692,Harry
0.0903676545687677,169.69346868122685,45.83103655402923,0.8898488120950324,0.2650254685634359,Harry
0.0063565460633005,222.2427492996497,71.95704167159622,0.7378768020969856,0.2283997637751295,Starwars
0.0542351019365471,161.469087239591,31.601353367598858,0.6635780470420527,0.1768786455640086,Harry
0.0184870195233421,287.49596308977465,64.3039337913992,0.9591516103692066,0.1950094266649981,Harry
0.0237018766300966,161.52240654236343,26.96671441076849,0.7452180566182096,0.1131554122634082,Harry
0.0241148004674965,395.7472345017044,25.913035672043748,0.2187802516940948,0.2755388761898346,Starwars
0.0133899704571245,199.8316883413545,30.324577973393648,0.7356401384083044,0.1163829693126525,Starwars
0.0037406944525371,152.47304821361712,20.625434081300316,0.5063039150630392,0.2704040740131426,Harry
0.0127722707190207,386.6318823111366,25.81387639754048,0.4011627906976744,0.2049116775282677,Starwars
0.0306871956525731,316.4508853688043,131.268344945358,0.5798987707881417,0.2148315212733209,Starwars
0.0326904470675459,197.59873287433123,53.52351635560607,0.852975495915986,0.2347248442035211,Harry
0.0265030681647661,240.19871590555303,51.87069200693848,0.7580862533692723,0.1215673897814862,Starwars
0.0284036315233926,381.908817799032,46.24078274308022,0.8054672600127145,0.1757765565557052,Harry
0.0333802886003665,324.35291234514546,74.69986686864112,0.849912739965096,0.2624058016150076,Harry
0.0453227070896638,226.0255960403082,50.978897796460345,0.6662412252712189,0.1631425002329547,Starwars
0.0429623248155576,146.3952871924645,34.79851816243464,0.7660944206008584,0.1552696026938452,Harry
0.0142287317530199,189.1452987559254,39.58477131868037,0.8110504774897681,0.1093043046601248,Starwars
0.0369551586456635,118.52282111141751,24.825859299769643,0.6167400881057269,0.2595946699011346,Harry
0.0267476914158175,266.809741027999,44.99561454535733,0.634090909090909,0.0620536537810168,Starwars
0.0621385880458502,182.6820119826216,38.63320512333169,0.797038864898211,0.0783223526071533,Starwars
0.0143881080674449,149.1046732474447,34.65347910044591,0.8396624472573839,0.0937780419515489,Starwars
0.0305558802926409,386.0079661164089,44.30021207032889,0.6998476383951244,0.228500014680825,Starwars
0.0248110287207938,140.35034943999844,30.756433391682062,0.8804483188044832,0.1375191708120663,Starwars
0.03774560918264,399.94465290769926,33.43775865127142,0.8202160493827161,0.2188046417557879,Starwars
0.0180212570620371,391.5686368099888,25.25566463928396,0.4795755968169761,0.2256290907821561,Starwars
0.0303052501249958,199.24625559763325,30.481402180874525,0.7804265997490589,0.0839461407558155,Starwars
0.025685223870077,190.6608820533121,43.30245592646669,0.7917555081734187,0.2321292601349321,Harry
0.0394035379540391,390.317071489472,28.778148371918515,0.6330827067669172,0.2730249085676469,Starwars
0.0543756792737273,334.44848411448373,63.57723960481443,0.8281363306744017,0.2769303430710683,Harry
0.0046917966576972,186.11470522357203,47.22514562421534,0.6895002807411567,0.154469014459856,Starwars
0.0024397228758759,265.82011876442255,46.79877931142549,0.7494252873563219,0.2022277486733031,Starwars
0.0157046836551848,175.29093255602388,32.27332395020198,0.7410768300060496,0.2216253835114882,Harry
0.0102335489894572,159.05328337219044,37.76239229474369,0.6754668383773342,0.1421085107357488,Harry
0.0044714657379526,417.3394895979492,12.843871278899258,0.0281385281385281,0.1874646491625778,Starwars
0.0268787336086531,389.939880801476,35.58784549849992,0.55390574564235,0.2654112855639161,Harry
0.0141254894943845,380.237891059807,37.17455748921637,0.6791890280262374,0.1716989674593075,Starwars
0.0201898932036839,135.10088012161916,43.65193711021706,0.7001445086705202,0.236757526505875,Starwars
0.015791690515322,203.45119139559893,50.155327182093686,0.7728557964184731,0.0702578703494898,Starwars
0.0216428860465876,183.7494055401469,28.74992730783264,0.6492478226444972,0.1740815888590104,Starwars
0.0181069266527218,426.3951206458018,18.931216561589963,0.5507137490608565,0.279317148067721,Harry
0.057985314213299,314.12153283864615,68.90190985703425,0.8241353936718175,0.2235931200832797,Harry
0.0546196801575314,402.29905369946766,28.768440018574257,0.7535159141376758,0.1124610759831497,Starwars
0.0345781140856295,238.27953599097333,42.74844522539631,0.7452764170748776,0.2105027809987391,Harry
0.0333838815852265,227.1586883170945,56.27813887729379,0.7865412445730825,0.1911055458953254,Starwars
0.0219550715291562,418.1380234358816,30.099985011981545,0.6268328445747801,0.207122532723716,Starwars
0.0427781649649009,424.8508611147467,26.92300735888376,0.5733024691358025,0.2624342796874293,Starwars
0.0145879855947604,172.8077527885579,38.42767855642654,0.8773148148148148,0.1142322018897789,Starwars
0.034939774498086,154.52399187778823,29.48522279086811,0.8121546961325967,0.1057958119201972,Starwars
0.0647797441695113,167.06243724630238,18.917329117562844,0.7408906882591093,0.2459896888272451,Starwars
0.0301340453291406,283.1035076808381,65.80201425498124,0.8618421052631579,0.245484701079325,Harry
0.0389848029145301,263.7571088772147,53.464337744113294,0.6581132075471698,0.11673023409768,Starwars
0.0379238612463069,164.24863876056756,35.02104676759188,0.825652841781874,0.1171413890882629,Starwars
0.0706317581057789,381.3576510787904,34.08579421589237,0.737490377213241,0.1947737658849084,Starwars
0.0388690235818229,315.99042725749405,61.76486387017139,0.8798313422347154,0.1764885563084648,Harry
0.1084844267318768,367.00115501954497,92.15044775395818,0.5579761068165847,0.1578442037545662,Harry
0.0047215738830274,373.8586266588642,41.61031218086434,0.4754208754208754,0.1519128029499323,Harry
0.002314736615042,126.11674255047492,27.43114557073942,0.6305609284332688,0.2211220901523105,Harry
0.0249812289637595,295.77754999416675,103.04164639226742,0.6474405191059841,0.1651254965987331,Harry
0.0176192440004086,154.7478587876368,40.267902863272205,0.8577049180327869,0.1513519061243234,Starwars
0.0163147420713695,196.45928332556423,35.55275678961382,0.812363238512035,0.1969463441339948,Starwars
0.0330146153384876,426.05874081690587,23.995877170055827,0.6816450875856817,0.2546068123629754,Starwars
0.0355430778097991,353.90404138707464,59.61015285327092,0.8292094146047073,0.2188372134429556,Starwars
0.0039968657055391,379.08729502888895,35.78009919845415,0.4298056155507559,0.187955950973208,Starwars
0.0040476386785237,150.96419095158805,21.56780801943801,0.8418508287292817,0.2074581643697741,Starwars
0.0150508201002243,167.00757498805595,21.157257004084588,0.6547987616099071,0.1917923269876196,Starwars
0.0159941881835172,157.6891484166113,24.83448193042368,0.7667342799188641,0.1332223517668914,Starwars
0.0303918031566931,298.9066060713384,69.87631786087432,0.9175491679273828,0.2131004469730088,Harry
0.0479108954584875,206.37514419608743,26.362866985458023,0.7843137254901961,0.163859489542832,Starwars
0.0359904128055006,166.42551996567568,26.30864793238277,0.771021021021021,0.1058344085188168,Harry
0.0424062579214141,179.4125075892498,40.55473427216689,0.8990953375086986,0.2025506248117626,Harry
0.0089617778094721,109.74151695311863,22.511169340553774,0.6767757382282522,0.1307881989245163,Harry
0.1334890129524036,422.2679797411558,22.789431121050757,0.6112565445026178,0.2018303418000933,Harry
0.051260773168359,351.43385864644705,56.375531002634645,0.8218966846569006,0.2120841211906341,Starwars
0.0337330176931516,394.3881702304325,35.320133725272264,0.6202445652173914,0.1534224202148218,Starwars
0.0237550432254831,245.3647682065954,62.15026223912624,0.8373450036469731,0.1903105924691453,Harry
0.0116317363927589,386.7888433453353,37.36927845731146,0.6386732533521524,0.1507281507472621,Harry
0.0172178037504437,327.2266544141594,70.75543465915742,0.6541164658634538,0.2220518958951696,Harry
0.0566886963302335,389.8538258430668,34.27635854395859,0.8646131805157593,0.2217945275298344,Harry
0.0448823647894777,134.6345037937195,32.05411144893665,0.4376731301939058,0.1671095212414269,Harry
0.6112294910471399,160.74422075563902,47.5813688352204,0.8021793797150042,0.1452062149812441,Harry
0.0332074953510475,234.6460291444324,61.64938070622413,0.8568894145476049,0.2034543683337821,Starwars
0.0355902921890485,176.67031029911695,43.97684961550005,0.8300192431045542,0.2051786050611412,Harry
0.0251292902961913,400.2656079146095,31.166173834021254,0.7981510015408321,0.1380237398304972,Harry
0.0436944543719749,404.81367815642267,32.25940052685409,0.7949308755760369,0.1686644288612458,Starwars
0.0558091533827597,203.49782436991336,29.34575358797917,0.7745664739884393,0.2030215936008797,Starwars
0.0255205489608176,125.7932216859986,25.122284945264408,0.6698564593301436,0.1146230634961704,Starwars
0.0204933786130512,421.99064567333727,20.729002906554932,0.508725542041248,0.1798403554277121,Harry
0.0546972658136973,171.77372373504028,49.44799087663266,0.9102661596958176,0.2088926364706607,Starwars
0.006809265462853,332.646231228392,42.03301002794452,0.7208872458410351,0.1347422263456078,Harry
0.0094388641237483,168.6137402473888,35.487573920396024,0.8065976714100905,0.1485499058588002,Starwars
0.0189599705739809,390.3856099312843,29.622088453315182,0.6022275258552108,0.162389396350441,Starwars
0.0289136540088048,405.211423395462,33.26396304996964,0.774981495188749,0.1775063515820991,Starwars
0.0243750594321385,317.67159554107513,66.99661305014973,0.7484756097560976,0.2340539839745829,Harry
0.0452962771675275,228.03200187691527,24.71502850830536,0.7974683544303798,0.1977812716826004,Starwars
0.0255939965960623,253.1156702076852,71.57921924191871,0.821592649310873,0.1265127054161814,Starwars
0.0343802618694321,144.73716075681665,28.953330185310545,0.936608557844691,0.115751117993473,Harry
0.0428823923545897,215.3961970247684,48.46126304743417,0.8252227553118574,0.0945421700260466,Harry
0.0284629192727416,127.72408592974206,25.845189292715105,0.6379440665154951,0.1220780409093937,Starwars
0.0292202761560867,396.328779360667,11.161771581059098,0.4993191103041307,0.1954191148269021,Harry
0.035326028118335,409.3551455763277,35.000598684202345,0.6268656716417911,0.2213498903064041,Starwars
0.0378112597596354,224.60529098473515,39.1651940540607,0.8319327731092437,0.2663096407319469,Starwars
0.0091363507947106,404.1978900647591,28.529610038424423,0.7805243445692884,0.2085307123028805,Harry
0.2053250209908294,383.60269449433207,43.563001938883865,0.5215311004784688,0.2345248807481577,Starwars
0.0264793658601213,389.3597477523399,32.03068432700776,0.595695618754804,0.3013673023238748,Starwars
0.0161113693349299,397.18056532074047,34.46576662148562,0.4280185758513932,0.2623005291292035,Starwars
0.0324138567186826,406.1534206801619,33.1056791286958,0.7640545144804088,0.1171948898011394,Harry
0.0305300060224776,168.96681462991523,41.49382475744061,0.8497587870434183,0.2631214344195731,Harry
0.015466235170307,334.698397143488,43.93584162938744,0.8968192397207138,0.2299563446053121,Harry
0.0531425590963055,200.21189671601712,22.876060004738186,0.6972140762463344,0.2520623747944182,Starwars
0.0633491090859122,393.5155398956036,35.50651367747579,0.7291268323773104,0.2428907582355891,Harry
0.0216895107108514,208.4849507124574,39.41409911861789,0.72052067381317,0.1639784524746436,Starwars
0.0505168377885879,202.54153621325636,46.8139435501522,0.7087378640776699,0.1314579378600783,Harry
0.0400550855806177,339.37545950211955,57.1973191005673,0.7544303797468355,0.1010021822817901,Starwars
0.0308782957376249,398.7608038484431,29.015771256828533,0.6056910569105691,0.2529793071864798,Harry
0.0019612970172633,107.603102319636,14.820579342115405,0.4628330995792426,0.1186522244713936,Harry
0.0029955060892947,183.77223991188643,38.70417339157631,0.7700276243093923,0.177682819521898,Harry
0.0319081685570704,240.14203457853668,39.93562790692467,0.7272074659009332,0.2059576758130871,Harry
0.0169075986262337,161.2309437459919,28.1432658388628,0.5628036086051353,0.2627719984807266,Harry
0.0592619784020794,330.88682942096494,63.12129257016501,0.8920863309352518,0.1710650726776378,Harry
0.0298366945273587,395.2010971744509,35.7433330911158,0.7019817073170732,0.2492171642459587,Harry
0.0143484613169794,416.6416010085316,31.327343327946902,0.4430929626411816,0.15688199546085,Starwars
0.0443285144655044,260.4013743063224,54.90759440691132,0.68454481298518,0.1801918403600485,Harry
0.0159437209038808,0.0,0.0,0.0,0.2047803743369635,Starwars
0.016844233150725,335.25769635141427,73.47574604944111,0.7054648687012065,0.1349481492475867,Harry
0.0290136545986355,287.37614491894686,43.19179015235746,0.7089820359281437,0.1912800744858331,Harry
0.0280871681929036,258.31921079220365,71.47961939631982,0.745575221238938,0.1806060614195378,Starwars
0.0714335265699294,173.05115231834947,23.31555629892514,0.7854571634269258,0.1369741591331974,Starwars
0.034276342784807,397.2403733740997,34.64423258972382,0.6583850931677019,0.3001656551155904,Starwars
0.0344397637684064,173.62152513352757,38.166389754266994,0.6611570247933884,0.0613804497542613,Harry
0.0179917414142572,108.44368954341958,15.44286705698534,0.502127659574468,0.1285748046986388,Harry
0.0575967227194067,153.28087192181636,31.49990508927435,0.8416058394160584,0.187667828037246,Starwars
0.0385543788404769,180.44499727693625,30.684309034218455,0.9204693611473272,0.1950922857652082,Starwars
0.0247356342710695,197.03849269931808,41.9947367533549,0.8560371517027864,0.1538888602414945,Starwars
0.0262503880920509,197.0253836913032,39.63539402030889,0.8222453222453222,0.215333684834341,Starwars
0.0188802214950534,322.5699778751794,76.69120227416822,0.5831485587583148,0.1314741488076448,Starwars
0.0092721791664396,383.6796439154483,32.962993200027384,0.5205574912891986,0.2128223641212618,Harry
0.0358930223572126,315.35581807637385,69.2327443206184,0.9049056603773584,0.212127065885902,Starwars
0.0361072601224143,173.53524944148637,50.164505493960746,0.7908545727136432,0.1444309811470631,Starwars
0.0292805157009448,333.155761374981,111.78532595915098,0.5917788802267895,0.2049781443709582,Harry
0.044822236383938,128.9418190241664,56.62727617325904,0.6600735970561178,0.1894836342241486,Harry
0.014062439846122,389.69722672990326,39.35448116905585,0.6436285097192225,0.1367431142412399,Starwars
0.0222531508654465,183.8425425694587,36.92843682250686,0.6769005847953217,0.2605509709742468,Harry
0.0211324888996601,242.37582179013975,67.64395668237879,0.7920927062031357,0.1015473282236323,Starwars
0.0443519158765412,413.2605322057628,38.77926215438151,0.5155018392012611,0.2038479859345347,Starwars
0.0214734745688249,407.8862725223279,28.33668780311215,0.5509342977697408,0.2526808724962017,Starwars
0.0298821352382394,408.6238340871174,28.0813716446753,0.5610687022900763,0.1896948032475816,Starwars
0.0429460807680617,135.52679253273806,29.36706970166403,0.8006482982171799,0.3053492170952683,Harry
0.0179925650023112,202.77686061421323,44.08228761421793,0.8246895544192842,0.1297012335700191,Harry
0.0359504767708494,391.291112268613,31.510888539361112,0.5345368916797488,0.1764376375278033,Harry
0.0332260103045769,187.4778133431611,46.14069410004194,0.8190045248868778,0.2356687055529053,Harry
0.0232109005118482,399.5352756458067,38.30517120962547,0.6533127889060092,0.1680586600694815,Harry
0.0176466599016601,194.11484607966983,49.56873864005692,0.7285336856010568,0.1868185490986879,Harry
0.0832947275928776,205.4399385829469,37.94973510190497,0.9210110584518169,0.2051585798446813,Harry
0.0245771436961519,184.4542441344038,46.905310292852825,0.9338905775075989,0.2176961552173264,Harry
0.0529790013310848,323.4076953382668,61.11808983077853,0.7242120343839542,0.2889582331853693,Harry
0.0034160701078811,396.3703114020288,37.58216039924225,0.814359637774903,0.1806946501920084,Harry
0.0320926596336597,325.0652005725264,57.35153011367966,0.7245590230664858,0.1788910988168328,Harry
0.005148110200446,429.0236828760576,16.328877940960258,0.440852314474651,0.2399039286117438,Starwars
0.0118144864306644,396.2677390036967,33.91546583862725,0.5424528301886793,0.2781573226004147,Harry
0.062279169231337,237.87979592306195,63.80011552588777,0.8641072516758075,0.2204341220968775,Starwars
0.0377229907072848,228.058681666481,60.40586661662884,0.7591240875912408,0.1465741717944201,Starwars
0.0306394675151093,177.54994281447134,34.710231332681,0.7932061978545888,0.2438369458235078,Harry
0.0320255629540225,129.48200140677366,21.84813945046372,0.8243451463790447,0.1794518164653994,Harry
0.0487278521331463,365.9549792442692,29.88266340924037,0.671201814058957,0.2720750985581933,Starwars
0.0462178323933022,186.2294246279968,47.39759496092655,0.8237650200267023,0.2340577920815796,Harry
0.0620219384059807,157.25331571321604,30.76638099105793,0.905925925925926,0.0790757999729616,Harry
0.0171861343272057,202.37475191208637,48.38283558626538,0.65642683912692,0.0829705883806018,Harry
0.0455671392382131,400.612350659306,29.98010365934149,0.5605048255382331,0.1945111771732517,Starwars
0.6768677939106945,139.23011358330365,40.23871753468569,0.7998411437648928,0.194389395088691,Harry
0.0231796960354314,163.61194208810505,31.8935774231426,0.9014423076923076,0.2162508938295675,Harry
0.0234648436677324,387.54577732862265,29.32878955960132,0.7744418783679754,0.1939458050987439,Harry
0.06938995433903,170.99791184901176,22.31213497265888,0.7695195195195195,0.1571421955167266,Starwars
0.0399723898725861,164.42394695810157,43.325150229376064,0.7926739926739926,0.2278585972524511,Harry
0.0172855637543975,247.46127748783337,58.87367394029469,0.6707632600258733,0.0809173642288911,Starwars
0.0221850299961685,385.0048329572429,32.13532713159013,0.7588603196664351,0.1533957380185034,Starwars
0.0239092658111142,415.4159630904269,24.490061310395912,0.5876993166287016,0.1947947481342184,Starwars
0.0307361080819478,366.1194779790624,67.09439868420799,0.7328413284132841,0.142764030930573,Starwars
0.0188133244825637,237.48182258473733,61.37890847461384,0.7522865853658537,0.2095365089602431,Harry
0.0633169324073926,335.02413236362145,64.95318095413856,0.71441523118767,0.1667927147845252,Starwars
0.011551609864597,378.56019488336887,41.65439878568037,0.475166790214974,0.1646625268837993,Starwars
0.0218641256923505,408.6284564922078,27.69033286168188,0.6161073825503356,0.2413008332899739,Harry
0.0075376770206871,387.56439347328,34.18130853480153,0.5418038183015141,0.156241925144364,Harry
0.0531005635906747,331.210909141927,56.34902696603098,0.8278867102396514,0.2371967744587152,Starwars
0.0067501301787348,175.8122003653001,32.69887132172697,0.7077276205049732,0.1110800804420575,Starwars
0.0199221942227328,353.8718615668297,54.23778427865597,0.8273001508295625,0.2168329520528591,Starwars
0.0408224200581395,226.3501243609564,65.78294228428169,0.7736263736263737,0.1777536973439079,Starwars
0.0540660185923777,175.97682824406326,35.91229673171482,0.7287420941672523,0.2316204603566917,Harry
0.0319136089484183,338.2336455425993,60.31883474024648,0.7356801909307876,0.1182428936643735,Starwars
0.0269492045590376,230.45419011450448,62.44069156522619,0.8601602330662782,0.1835602749019986,Starwars
0.0542687146323146,137.77309384677773,36.52359714328189,0.8375241779497099,0.2084166632167478,Harry
0.0241104602970564,253.3295975775724,44.25028921583664,0.872299872935197,0.0741967565360686,Starwars
0.0058560115398783,396.00191918381233,29.63630280476211,0.6376423308774279,0.1660552070012013,Harry
0.0063238335673198,397.7621478765118,31.495958418204896,0.4713375796178344,0.1512290280740093,Starwars
0.032993117996205,204.4440817371489,31.083860066947068,0.829817158931083,0.2090423041386588,Starwars
0.0128867896872459,338.97915186275543,54.568526449299554,0.1320621468926553,0.2105987679393044,Harry
0.0067139233534152,312.1478588087961,50.812994084337525,0.6108108108108108,0.1140461865392971,Harry
0.0355758212021993,395.50699844551866,37.79431234831223,0.8099415204678363,0.1803013475101942,Starwars
0.0325636598829591,398.1349199560866,37.65628066881109,0.5682074408117249,0.2295961386481187,Starwars
0.0578483746096706,178.5884838946181,37.151593447892274,0.7888631090487239,0.2697299427722997,Harry
0.0241440039414625,161.03380602672223,18.806916898722783,0.7878554957724827,0.1506674946499879,Starwars
0.0858228114509877,281.91077022686665,74.87563716915632,0.8903474903474904,0.1638035058419366,Harry
0.0758747785798808,264.63260064706265,46.26984393203704,0.8697112155809268,0.1989150405467729,Harry
0.1945387491533302,146.98673321472953,12.757280899305552,0.7824519230769231,0.1655786731846593,Starwars
0.0240809218248476,141.1158366534422,34.652101452610914,0.5933446136491822,0.1340287411016855,Starwars
0.0315651516586408,124.22704124166312,22.26221497772759,0.7799684542586751,0.1328782648825169,Starwars
0.0550219643238054,319.50267816593936,67.78783451763552,0.7271487039563438,0.2877737846366485,Harry
0.0476358170742083,164.3473629719125,46.52155784638361,0.9190439475713184,0.1654941538397245,Harry
0.0211593139020076,380.3938818020421,50.33612787634947,0.6502186133666459,0.162880576761482,Harry
0.0088529376453205,173.01324816286962,35.0251284163444,0.7005420054200542,0.1597643786332896,Harry
0.0379402147505866,265.53557785849875,61.883117565415965,0.7993850883935434,0.2061586733869747,Starwars
0.0707831701576273,187.54219065896663,35.40240332439457,0.8913196894848271,0.1878444674614411,Starwars
0.0308618113374573,122.299875100698,21.372152658866035,0.6104272266473569,0.1847908460459635,Starwars
0.0397994806226982,157.0594599222904,38.43985321466222,0.742755765819042,0.1895380208023818,Harry
0.0392543305734879,151.96216864390735,28.903841249319186,0.8037190082644629,0.1448059354012981,Starwars
0.0374361369276474,159.94642658235043,32.8435286952642,0.7219730941704036,0.2006071948143516,Harry
0.0136504846150147,144.89358932433822,21.25110974816802,0.7123287671232876,0.2517230092321277,Harry
0.1478418629640226,357.7105340143233,56.96389533108958,0.90515595162317,0.2479294670647661,Starwars
0.0363882366228554,161.54893085148677,37.7376717131221,0.7519201228878648,0.1892772065086225,Harry
0.0325502108664769,123.44886859787374,17.640440155920317,0.6612062546537603,0.0953572528305589,Starwars
0.0700772411357801,393.8744834828712,43.0174026836072,0.6274634456452638,0.1615390372413596,Harry
0.0070365149790091,416.9130207533654,16.941490973350646,0.1603843311160384,0.2395688895519541,Starwars
0.0522755190934341,294.7347819653319,56.71495184421948,0.7652464494569757,0.2014329916565202,Harry
0.0429015144839858,404.5619685822734,18.45573664490308,0.7876787678767877,0.1759757112906096,Starwars
0.0191097411806929,199.250219837481,62.331689580383326,0.8786407766990292,0.1782960294606077,Starwars
0.1072690422149072,209.83702953757933,32.3827102078642,0.7762803234501348,0.1649948180757923,Starwars
0.0426788515528964,189.30266949404245,48.37163556813656,0.8663823738450604,0.2196276796167953,Harry
0.0273399087749369,388.0350048059555,32.982132854228674,0.6928422515635858,0.2461474194368618,Harry
0.0069290898567022,426.4897681551786,15.546524268844054,0.1590413943355119,0.1102368713698707,Starwars
0.0346874447628398,159.20646741736232,44.674495943500496,0.6122853368560106,0.107551347995631,Starwars
0.2411265055350297,388.1427076087428,37.37405847929528,0.638675340035482,0.1908978549353811,Harry
0.0105804696496795,285.8894280186892,40.938603023748506,0.7763878029710711,0.2285565410820242,Starwars
0.018570773710698,112.2117925189207,18.234067588394456,0.7151335311572701,0.1726531279643473,Harry
0.0194116318672852,331.4698494178014,61.7417225270937,0.8823981552651806,0.2093557883934654,Harry
0.013121150170412,176.98428022972428,37.34624658497332,0.7247972190034763,0.1742557120522893,Harry
0.047667319076794,334.9730562659956,43.56621719633392,0.7584683357879234,0.2037667351831041,Harry
0.0437362855795071,126.06338476044992,33.49249879152932,0.6031851360318513,0.1914492026480122,Harry
0.0154679026238602,343.5005927786691,57.41232990281067,0.8021638330757341,0.1417250337469828,Harry
0.0176991434841334,270.4939306532173,70.70694757030354,0.7498087222647284,0.2606443648377411,Starwars
0.0249712820406313,406.3240073519644,28.90859203488989,0.8280647648419429,0.204052956750735,Starwars
0.0189447980160452,183.773388178278,41.69682882087115,0.8293591654247392,0.0783561917817994,Harry
0.0559750453865356,381.709224408961,40.635529852980255,0.8534743202416919,0.2468729127818353,Harry
0.0496721390703894,259.87420014063144,59.30812844463454,0.79491133384734,0.2629385406114536,Harry
0.0438403470800557,231.88054619073665,65.65938293041147,0.7563025210084033,0.1768334600568035,Starwars
0.0321601337928849,296.4242293821419,50.00248915670037,0.7945578231292517,0.0787118585693707,Starwars
0.0617918395692373,322.82690391114056,61.02246037472017,0.9127105666156202,0.2418495481080033,Harry
0.0932762113601034,184.2927214214281,27.61062028450118,0.935163996948894,0.2066930854010457,Harry
0.0291461901995398,165.92995058428636,41.69700726139161,0.6989869753979739,0.1823742174906228,Starwars
0.0322222245394218,410.092360610896,32.10185314835239,0.7772241992882563,0.1923977376107545,Harry
0.0267319182748046,341.47656723922705,60.83844012604788,0.827933765298776,0.17072844561443,Harry
0.0970097115333571,365.1063616506065,32.561621873361176,0.7466960352422908,0.2250374318698569,Starwars
0.0395690380396235,421.5656417763705,20.022218921958338,0.7230873392010833,0.1868607326632904,Starwars
0.0566738772453615,179.41292393911823,40.74942336171192,0.8635752688172043,0.1898191947777262,Harry
0.0185070096479096,408.6271566568767,23.02683070169589,0.4070121951219512,0.1839163078693781,Starwars
0.0365223298201219,330.6648247040466,66.85337494652345,0.7252747252747253,0.2092374506028804,Harry
0.049344629380079,170.42228450507443,50.87720031366482,0.916602907421576,0.2083651528651758,Starwars
0.0262669782288428,228.2045068480381,48.44114692156333,0.7415477084898573,0.0839371291273654,Starwars
0.0164738968479729,415.7969853989316,28.71120671298244,0.4123711340206185,0.2780900567169678,Harry
0.0100380707683222,161.2676617734911,37.534883450225415,0.8133704735376045,0.1099146218994364,Harry
0.0014629112179245,373.8357935257348,48.573448201658366,0.6471371504660453,0.1650085185155024,Harry
0.0505208350516654,297.8146659584769,23.9094785374797,0.7690749493585415,0.2651051645382631,Starwars
0.0357061532827524,195.26718060659857,45.13774810281204,0.7407407407407407,0.2130440641969266,Harry
0.0338297328647133,199.98916489334025,47.520562917708745,0.8885542168674698,0.2733688251244069,Harry
0.0316900886885851,165.11012535184065,32.460873206693755,0.8614318706697459,0.1836437710154788,Starwars
0.0218130248248164,272.6691161139592,58.74839837004623,0.7723076923076924,0.0793855103233559,Starwars
0.0252338603690818,326.30770475010365,68.00990087458317,0.8087895142636854,0.2554497871286406,Harry
0.049547620466264,194.61275448949448,47.6060097013851,0.8914421553090333,0.230909699312381,Harry
0.0279524404464107,406.00042486563314,40.32470455539428,0.6657142857142857,0.2619247548964275,Starwars
0.0625724765938747,316.9986553353354,73.23007235083233,0.7029840388619014,0.1299414361643799,Harry
0.0288032058283305,188.69529532130335,49.03649092957894,0.6836998706338939,0.2539903519397823,Harry
0.0267973148220663,265.0003366723054,46.99634835453509,0.7872763419483101,0.1393340284680881,Starwars
0.032082750683739,140.62245105542223,34.74523957991547,0.7092936802973978,0.1319215603208547,Harry
0.0092188605044171,124.69456939901409,32.139027707604484,0.6573859242072699,0.0743309982668642,Starwars
0.0056024279152448,415.7000595385818,25.69887767145826,0.478415138971023,0.2173296884209963,Starwars
0.0820586159442494,223.93046187553105,51.1355748322242,0.8306213017751479,0.1569248903664835,Starwars
0.0491974482367328,161.49986073422667,37.08402903711537,0.8290993071593533,0.1825986029333832,Harry
0.0522586539831664,166.5646073746683,29.66597017708573,0.8885496183206106,0.2817423342972732,Harry
0.0470004315897733,188.15637045148048,40.25072707304108,0.7935034802784223,0.2642653511261754,Harry
0.0445764843561474,154.73961046395848,30.09085496891005,0.8472222222222222,0.1417731016302365,Harry
0.0429504054298502,398.43501454617495,35.20144269065516,0.8216601815823605,0.2107693870604734,Harry
0.0275913859739214,418.93598918522537,31.9730180035825,0.6855500821018062,0.1199925347822096,Harry
0.0275174702957142,178.88940789160503,26.09334280769757,0.8338391502276176,0.1120758506927947,Harry
0.0234568240852242,130.03259944650455,31.17421260902869,0.7767639902676399,0.1066257638657965,Starwars
0.0264464815770234,262.8228277139145,44.65134981151112,0.6266771902131019,0.0636559749169681,Starwars
0.0120043980283285,237.6277831295048,35.71217662044461,0.756478999106345,0.2224605221485711,Harry
0.0150346814127505,232.1105444220684,51.53321418462394,0.7113857016769638,0.0718607317949329,Starwars
0.0567305142372118,265.8147473031246,60.62091518301624,0.8307600950118765,0.1091900829214441,Starwars
0.0117557963170209,173.3202306147079,29.994054765105908,0.5519662921348315,0.2552875492470982,Harry
0.0572407295713911,127.80528021681673,15.896194884152646,0.8524822695035461,0.2214432764047326,Harry
0.034023470727731,233.6778141597777,52.95230146568297,0.8837052062204191,0.1950040125568019,Starwars
0.0185814979966693,132.87110760763716,32.36328233219979,0.655786350148368,0.1493857166023057,Harry
0.0162783513636131,349.0669354465951,74.2017120298828,0.6366995073891626,0.0898133593135523,Starwars
0.0363835455170723,403.3667518727781,31.58001437151608,0.7317073170731707,0.256972838692999,Harry
0.0451372687049103,245.9282869272297,30.506751301408688,0.8,0.1914024633143519,Starwars
0.0227958303699655,300.4641844072722,66.19591500153685,0.731309724564362,0.1264880416462094,Harry
0.0425147434240369,396.7983994631111,26.26673689272866,0.5511684125705076,0.1722003239775616,Starwars
0.0249715406307665,412.28897287231416,22.40538367860417,0.4804088586030664,0.1735533236477758,Starwars
0.0225510640653349,184.0164204195766,25.86227368624437,0.614529280948851,0.1002830687553787,Starwars
0.0514338403433515,333.0835623539244,66.88999532408853,0.6710424710424711,0.221983022790814,Harry
0.0093447842930207,155.26904720433868,23.388016475425943,0.8193956430077302,0.2124250967173897,Starwars
0.2143126716961303,389.00836084246,44.89122523845169,0.556407447973713,0.2043773677221333,Harry
0.0136127925187224,181.77751098505547,46.815649439019886,0.9299132947976878,0.2199717707964971,Harry
0.0213502270098617,151.78606510260423,21.20347402683213,0.6621813031161473,0.1723183455267662,Starwars
0.0480442802944939,207.90567627292316,43.3510081371948,0.7476708074534162,0.1068475102188369,Starwars
0.0591084888783579,171.7971301975619,32.68720489013229,0.8990641711229946,0.2274178504078824,Starwars
0.0307238646517828,378.4567553180689,47.47483300336611,0.7129629629629629,0.168068647167292,Harry
0.1233667237622941,395.1412388215314,29.30695859089145,0.6993670886075949,0.172909378976684,Harry
0.0252539500603967,167.4726366942815,37.16233500237935,0.8684615384615385,0.1234902184639556,Starwars
0.0264427931293586,125.93639867739334,19.102760742237155,0.7424135497529993,0.100982181158933,Starwars
0.0355039111838273,387.31784628364704,26.660415661759995,0.7623529411764706,0.2052531321705953,Starwars
0.0783898399058478,180.3107500635117,46.67527263693758,0.8494704992435703,0.2624004679269745,Harry
0.0045749048576845,145.12333337348025,31.82799504642593,0.7870182555780934,0.105315126861492,Starwars
0.0456312383211166,161.13656698248204,28.87530507025739,0.7370990237099023,0.1112367906898374,Starwars
0.0214903663796189,266.78507272615616,65.2656829336803,0.7391975308641975,0.265110766317586,Harry
0.040526753268605,397.9576381318344,29.06051269128192,0.8176795580110497,0.1738420897342782,Starwars
0.0667049916764759,198.73407899782265,51.97748774741529,0.8469675599435825,0.2384994828839694,Harry
0.0335343832924859,272.1464196027309,43.78827013002259,0.5949966193373901,0.2447854540270475,Starwars
0.0216552880956237,167.72271177765228,26.353154946894723,0.7592105263157894,0.1150559032652307,Harry
0.0148032070252964,138.5173305994087,28.966199348848377,0.6970633693972179,0.1751335924854499,Starwars
0.0263571227818212,179.72731211455337,32.87703462952489,0.8715384615384615,0.1371773274331036,Starwars
0.037800614150254,203.10392995198947,30.28927465695288,0.7945492662473794,0.174747714324312,Starwars
0.0294365786260544,324.96567766764105,67.97830780964209,0.8094362745098039,0.2031257003387325,Harry
0.0367776360544217,183.46195658474676,52.28522906818225,0.8343653250773994,0.2201322146269257,Harry
0.0284520555714891,230.2766727882693,43.61895348113086,0.8217677136596055,0.0972165478316454,Starwars
0.0361679787269476,259.6276915989326,58.6133342270476,0.7924089852827265,0.0698101787955585,Starwars
0.0341386194419567,135.99934658325313,36.18436456958669,0.7674597083653109,0.1735297735273079,Harry
0.0474949308425637,288.6772768266247,68.24093014640931,0.8226164079822617,0.1963168681493637,Starwars
0.0426753355410887,173.7259901391257,32.77589835079091,0.7693905817174516,0.159513340253724,Harry
0.044631889214266,204.51690349700772,50.726546882087874,0.7739251040221914,0.2969489301697143,Harry
0.0143229463872857,137.1449344518907,32.50315798136926,0.5968349660889224,0.2159670634961299,Harry
0.0086990634964875,429.301159243226,15.00149586565966,0.2528647822765469,0.1123467675855886,Starwars
0.0751559212484073,224.237268363551,37.82759164416429,0.9142244460328808,0.1934738752189011,Harry
0.1082432401920059,401.5372189983223,32.97373583764871,0.6568758344459279,0.147400250223049,Harry
0.0073496369903344,399.3481958242977,28.62833828850979,0.7609828741623231,0.1879359430328161,Starwars
0.0454489429381246,154.86722432493346,34.14635930788401,0.7981510015408321,0.2099720126475091,Harry
0.0558145635795254,381.5267142618725,36.84877803600787,0.7695625385089341,0.2223525287370915,Starwars
0.0630185960727654,98.7262719547785,16.625660906928143,0.8012139605462822,0.1762591039491699,Harry
0.0393043295781265,122.61963626820425,20.020653885569917,0.7134009009009009,0.1328920592890533,Starwars
0.1029454926207057,394.63483499969846,33.42142818255706,0.3621241202815099,0.1268625006754643,Harry
0.0423467063903808,315.5134609847991,59.17038168507323,0.8101356174161314,0.2688249123960379,Harry
0.0265999948005313,119.32594883345476,20.805801890442467,0.6473684210526316,0.1100618426384654,Starwars
0.0386214044607681,300.84039918485064,55.681060571332864,0.6425,0.2033916765068958,Starwars
0.0032947460810343,293.83863974302204,37.85149036206784,0.7250538406317301,0.1559767262159741,Starwars
0.0068045185743564,312.39181778600994,70.29434318493642,0.8378378378378378,0.1990454494191771,Harry
0.0467106481698843,318.6642481657248,66.23687766330299,0.8531898539584934,0.2553777870521083,Harry
0.0230917218190083,381.65184514178605,39.31679620240314,0.5973025048169557,0.1325941394870952,Starwars
0.0490580637403975,326.35936978939884,66.25692743820744,0.8903269754768393,0.27512000722095,Harry
0.0649372890174357,255.0013667829244,32.024999867257264,0.7926174496644295,0.0908071123346861,Starwars
0.0211207551479412,407.1159299738527,30.61734521627044,0.8191414496833216,0.191888669523425,Starwars
0.030368660385842,330.77862514486964,66.1997652472657,0.7004981320049813,0.2473520113357755,Harry
0.0545992464053526,159.73206214248566,32.851391489684715,0.7622468974526453,0.1309190397452677,Harry
0.069658014592068,200.65983668893475,39.515959057845365,0.843335931410756,0.1336127399206578,Starwars
0.0247466309484903,210.0251359311915,32.69143584427049,0.9297173414820472,0.1240239686040346,Starwars
0.0387394080492167,208.25413102594223,47.715502375308326,0.8660105980317941,0.2808280506841583,Starwars
0.0213963094415469,238.7421429953993,60.89738126564104,0.8491582491582491,0.2121781863357424,Starwars
0.0443454629508245,139.43212662391565,31.155438957696827,0.6173708920187794,0.2890715009470287,Starwars
0.0229527478160783,269.09091257830994,67.85535386740534,0.8424110384894699,0.147717682289399,Harry
0.0183447449507113,111.12014186483974,22.98969706644752,0.6387434554973822,0.1235302758824173,Harry
0.0584160351845288,261.3490203824297,50.46854191509837,0.7770061728395061,0.244896870639744,Harry
0.0524574773228583,184.07511847747384,46.162392526658365,0.8920454545454546,0.2029163544644607,Harry
0.0191120112497511,235.0190834462455,67.00572249090513,0.7511485451761103,0.1411356674805904,Starwars
0.012025601133297,397.7904788670817,33.1218182157803,0.5261958997722096,0.2520155660241521,Harry
0.1019849617938186,277.65717953867926,44.770089503623176,0.8988183161004432,0.1961193423631589,Starwars
0.028905298796172,396.7773158691721,39.1406519482578,0.6059532246633593,0.2261380762365861,Harry
0.0213977275175445,245.8161799267808,57.99098753937525,0.7568119891008175,0.1028951661507274,Starwars
0.0975891090874805,404.0318274055175,30.46755666362496,0.7116654438738078,0.202474167681271,Starwars
0.026894285951085,122.41817353306062,22.62009688958165,0.7336448598130841,0.1141879517738651,Starwars
0.0123478833196502,123.31945201752151,31.31857804122881,0.6920454545454545,0.0866567263746178,Starwars
0.0224471017868455,407.22166849498507,30.278124348411183,0.6237772761474794,0.2383166459990634,Starwars
0.022610234959779,215.18517097499355,35.3161269112892,0.8556430446194225,0.1265965802445442,Harry
0.0433040401144209,172.57817118273658,33.13246922931544,0.8021126760563381,0.1627527882961127,Harry
0.0402581247540027,228.36503369632285,58.6928926587116,0.7226443768996961,0.1343795684905363,Starwars
0.0180637989218847,148.43665905474572,15.840055417002796,0.6419379258137774,0.155808348497681,Starwars
0.0579140923801118,326.0016816451346,46.07699670152954,0.7675675675675676,0.196497734213067,Harry
0.0258099412842105,249.42039576657808,75.82720646981554,0.8215767634854771,0.1917497611772848,Starwars
0.0155723487295061,125.726113129443,33.14156468622905,0.7205683355886333,0.22777503740905,Starwars
0.0552093425002809,381.640990528645,39.02687196783407,0.7783661119515886,0.1829396738343974,Harry
0.0228224411034527,402.398936029616,28.80218503846525,0.5409717186366932,0.2438300910718157,Harry
0.0272447097585765,397.81884486887657,37.812114662031625,0.6830723340790454,0.2182924720865195,Harry
0.0201941546211045,127.90388609901515,32.23269691212023,0.7162258756254467,0.2231140637757549,Starwars
0.0018169190175983,172.7777046771454,38.20781475530876,0.584804708400214,0.2542261547074322,Harry
0.0009756543893883,157.9215806160358,45.044578905695005,0.6496062992125984,0.1822385582229111,Harry
0.0496198490728845,194.04705392300292,49.36833355550292,0.7096774193548387,0.1531037560925603,Harry
0.05570668137216,403.29866723340007,36.87055631727108,0.5256581883087907,0.2355656645948277,Harry
0.0360990957627709,216.9442985844915,68.41264106920032,0.8871085214857976,0.2389872430231243,Harry
0.0170066947276282,308.9677869304165,62.47113056135269,0.7269647696476965,0.0869601650151492,Harry
0.0052837810658704,133.01581357152827,24.955478977821752,0.7915758896151053,0.2249731344306478,Harry
0.0166442013116856,411.2456414447541,12.15329501647293,0.690179806362379,0.2645660638999377,Starwars
0.03396779839885,389.50315424519295,40.7192574552838,0.8053691275167785,0.1304210179582098,Harry
0.0290199179486227,155.38822877036654,20.16345133443681,0.5268817204301075,0.2272449906610642,Starwars
0.0512753959070752,242.9841715413822,33.58863894431379,0.8132267441860465,0.1180635685086685,Starwars
0.0183332125632396,411.9157630256935,20.813576852131455,0.2592012529365701,0.1610275037616758,Starwars
0.0277762381007103,241.47783100936965,65.09705503253231,0.7401215805471124,0.1091479820857255,Starwars
0.0099042995821497,181.44263461250495,37.06349553301612,0.7702156334231806,0.1331620368656624,Starwars
0.0495804598818295,156.72621704340548,32.447699975897486,0.9102564102564102,0.1568790911005872,Harry
0.0329486798874311,138.64379314358428,35.44766252181177,0.6053249804228661,0.1683755849114538,Starwars
0.5430468431745639,152.3180587240393,31.79513154320011,0.7071240105540897,0.1683747913540932,Starwars
0.0172808356778601,183.4928564595704,38.835642579501794,0.7110091743119266,0.167914520500057,Starwars
0.0109153426818701,191.35500774949472,13.55691629397195,0.6348580441640379,0.1039797039523833,Starwars
0.0134735127554244,384.510574153581,33.98599482493019,0.6666666666666666,0.1987339646970377,Harry
0.0538733873499154,329.3250684237036,19.12556997603217,0.7904834996162702,0.2465951737389162,Harry
0.0341465411364334,319.74528022007456,75.59690310104205,0.7494661921708186,0.200397783170393,Harry
0.0083807297839825,399.05754449152965,17.576227489837144,0.2918994413407821,0.2610786636500802,Harry
0.0193223938346466,169.9803935319924,24.789484274612043,0.8623136976579134,0.1233565923427009,Starwars
0.0152648076842972,155.07602912634007,21.273116966860915,0.5547445255474452,0.1211714565445978,Starwars
0.0498320339285383,179.99494364334285,44.14919850037299,0.9117432530999272,0.1638418779331844,Harry
0.077999536987961,179.46074217550034,38.96620370998951,0.7764020393299345,0.2208369698627794,Harry
0.0238369335866645,379.0937878854657,39.91085082785003,0.7249430523917996,0.2443376632069365,Starwars
0.0555654035405533,332.6579831656011,43.17415589706759,0.8289578361177407,0.2493147634820336,Harry
0.0441123929502961,135.83643988340523,31.23088199205068,0.8486574450772986,0.3013942470779573,Harry
0.0324458976366474,151.70982061761475,24.001485661386877,0.8089368258859785,0.1594973208630559,Starwars
0.0042224813154383,178.86719536162357,46.18655921110813,0.8754745634016705,0.150708558465348,Harry
0.0417504227711049,158.66507387991192,28.293092312660203,0.93202416918429,0.105622421958239,Harry
0.0518573531637115,319.3962841536447,62.53220993116109,0.8642257818459191,0.3013553402814681,Harry
0.0427982267919812,391.40130371954496,38.878889951884446,0.6438356164383562,0.2147526318969949,Harry
0.0305434476364391,267.48940339722606,67.72806743095569,0.8272357723577236,0.1363622077166225,Starwars
0.0194256371688261,184.29481112413632,42.16489494619273,0.7270051508462104,0.1149220675476689,Starwars
0.0187463589141577,235.12727882347352,51.798772008873705,0.7848285922684172,0.0957751832179483,Starwars
0.0114082633580011,153.7671452118566,27.22827196127308,0.6263237518910741,0.1542068951907785,Starwars
0.0168889610231082,123.612807093241,19.01387344378334,0.686837180286962,0.098634610037758,Starwars
0.0312068501844094,386.7696323807695,32.76831821196307,0.6759856630824372,0.2400316838515097,Starwars
0.0259921138669237,298.2244650170348,32.53539393000129,0.6661526599845798,0.1902963396204666,Starwars
0.0120536646627777,257.60371265313177,34.35297198736818,0.7215787215787216,0.1737854848012121,Starwars
0.0125891528491571,144.56894499681502,19.1662315618802,0.6675531914893617,0.1521678519919332,Starwars
0.0139228077794306,398.17339324889423,37.54350947109104,0.441967717140661,0.2169141282184083,Starwars
0.0253281492943147,373.67596319756206,32.280265918258124,0.6679477325134512,0.2088535417241692,Starwars
0.010969214368257,384.2427778787584,37.90198051991076,0.7394843962008141,0.1774306302238402,Starwars
0.027944246728773,188.6997702534733,50.882535145004,0.8806078147612156,0.2124090344663693,Harry
0.0508656762401806,319.454405001578,50.844569949212655,0.768005540166205,0.1439266649460857,Starwars
0.0358643447093585,377.0838836228871,35.49385179932102,0.7701582516955539,0.1365231863918504,Harry
0.0745639762410835,208.29513491610055,26.41255000110628,0.8100158982511924,0.2946832683786788,Starwars
0.0758852442621668,233.880671083346,43.93074347347414,0.9185291997116076,0.1939439917585495,Harry
0.0309301715675048,285.83864730808995,44.27101923555925,0.8163869693978283,0.1894851553674698,Starwars
0.0920733932997582,332.51547100322705,49.90954354392764,0.8594319009468318,0.2314444415586597,Starwars
0.0440671098903646,265.3902747496159,74.11706653817805,0.8292496171516079,0.191215169246617,Starwars
0.0248069691779197,225.94326457651928,53.7709237003856,0.5726351351351351,0.126240226804021,Starwars
0.0338913694652104,159.7850652562738,81.3210534421965,0.7970903522205207,0.1636697209520778,Harry
0.0197257944976489,190.4097362150897,50.87166479767472,0.7612859097127223,0.1319984112473442,Harry
0.0185475033029425,244.0151271531989,69.59390320547006,0.8637346791636625,0.1548707818620569,Starwars
0.0288262780666402,205.02573884722776,39.00396908977875,0.7140751658069271,0.1301560277606396,Harry
0.0285506991072886,127.03350023427656,28.70074816006076,0.7612748045700541,0.1104213431565275,Starwars
0.048247620032375,233.55566053282135,36.685328831015184,0.7782640408460978,0.2240627985914012,Starwars
0.0420223209991298,142.83549497986778,24.31306535652383,0.8747203579418344,0.2204145481885993,Harry
0.0231691040268932,400.824080988147,33.37389529938932,0.7944636678200692,0.1978414407298478,Harry
0.01430707261976,411.4001005123566,22.65744343749856,0.408695652173913,0.1913778097520772,Starwars
0.0374375775203085,317.4122004043335,63.02107534120962,0.8046332046332046,0.287011944360152,Harry
0.030666601163332,160.9164475353874,24.93068383886189,0.8662280701754386,0.1765380121002392,Starwars
0.0043373577825976,381.29641043342895,40.77388401453904,0.6810466760961811,0.1679692058771408,Starwars
0.0305778347887635,401.6401158719307,35.55380269396568,0.6652391149179158,0.2575814339156456,Starwars
0.0277967102507981,289.2401742017435,79.04111025683626,0.77129750982962,0.1112945805480844,Harry
0.0277803996987697,370.8385204957683,43.32100740880265,0.7445034116755117,0.207916943724834,Starwars
0.0390237064684851,145.20284998431458,27.67699988597244,0.6682063125481139,0.1600419519344329,Harry
0.0125665054193275,152.29221326039382,25.995609021749004,0.7083653108211819,0.1089880524380104,Starwars
0.0401709606347538,416.6537660534494,22.64615799766216,0.5770020533880903,0.1764283802962908,Starwars
0.0170717389576952,268.712425377437,43.10657596197371,0.7908604363935776,0.2017100125818957,Starwars
0.0256534462308297,318.6915918285818,68.26815492366147,0.7348438456827924,0.0926731486759319,Harry
0.021386127413055,241.57013772372707,38.91763154423236,0.7170393215111797,0.1730705858332399,Starwars
0.0316288741185417,375.91665230685385,43.26140689718227,0.7963549920760697,0.1983166667750237,Harry
0.0427150167163718,131.17808173837494,23.024275820136012,0.6815980629539952,0.2245667631028133,Starwars
0.1096087059607872,307.38971775959703,66.13761720465934,0.8447348193697156,0.20991421318701,Harry
0.0081441980668986,382.4531478026584,47.851834543994286,0.687374749498998,0.1556486881453733,Harry
0.1104982223256418,180.0295536914337,30.00057808132521,0.7790463398253862,0.169289576296614,Harry
0.0161760362804325,274.97040065650475,28.888816693528263,0.8785822021116139,0.2265945163777808,Starwars
0.0645462118740332,323.5392764234762,70.81686530093458,0.7341576506955177,0.18101501283471,Harry
0.0256723144021964,200.22416605138025,35.990934284046546,0.8626847290640394,0.1034310143217374,Starwars
0.0375531054601773,151.2158992991745,20.43672093281068,0.7538343558282209,0.2493853321518011,Harry
0.003951211832379,284.2674550842464,57.52597831367328,0.6230551626591231,0.1621318036279181,Starwars
0.0320324089528922,360.33836008148063,79.43867577361107,0.5535545023696683,0.2148487143062196,Harry
0.0634651814987719,262.9576148560095,51.38203984378977,0.8485026423957722,0.1143796208340615,Starwars
0.0063533915430099,379.40713972953273,44.018732918719344,0.8194650817236255,0.1286000384447497,Harry
0.0403320447809862,279.3582293712401,64.26888253913691,0.7968643490115883,0.157240645891668,Harry
0.0127351769550605,378.2329520391688,79.10350871551442,0.5881939564300773,0.2106427919324746,Starwars
0.0409618906614159,188.2982726595509,50.96249923556308,0.8488453463960812,0.2658029876176833,Harry
0.034767022402525,245.79101674906957,35.66024022286092,0.7200839748075577,0.1173701109348541,Starwars
0.0193160213816184,182.89569740087825,37.283928182774176,0.762854950115119,0.1525680454973819,Starwars
0.0815597228796092,172.35909534073716,34.102826501368675,0.7952755905511811,0.239096580517893,Starwars
0.0009984904498791,123.10573824691072,20.95999334965489,0.6335044929396663,0.0884183403434999,Starwars
0.0744104258832271,172.79936999881528,38.58206993040527,0.9353233830845772,0.1850119803119303,Harry
0.1662502999391847,300.4479773950777,76.18107389449408,0.8976711362032463,0.2400289991622307,Harry
0.0384475865314916,143.10074131486095,30.21986867163217,0.6931567328918322,0.140707779546548,Starwars
0.0165571032777352,105.1478388420324,20.04103786154954,0.5577485380116959,0.0688013495728407,Starwars
0.0596720388868707,171.4432496745197,38.6248607065358,0.8700760193503801,0.1913014675486282,Harry
0.0204190954954576,408.65293292934354,31.78900913715793,0.1856452726017943,0.2262953281766598,Harry
0.0219155668236037,229.97854032388005,50.21745220440149,0.8808255659121171,0.1909840241994567,Starwars
0.0166833112267967,278.3463210965627,52.73137312724796,0.6959722823733218,0.2023968112492031,Starwars
0.0276207640719466,359.56424381399063,76.08283097279366,0.8140981340704907,0.1338980230832105,Harry
0.0451586473140604,170.52461939019602,31.46823464985421,0.8461538461538461,0.1965301292987628,Harry
0.0367000607499606,413.61916972928174,32.6911806639728,0.7366320830007981,0.163522999149898,Harry
0.0292835887562144,201.2080294870593,49.433434167321394,0.8670058139534884,0.2271565873353625,Harry
0.1261195956117679,226.5973697767772,50.55907765584625,0.8373450036469731,0.2095969974701563,Starwars
0.0326397973333961,325.5111264105886,60.40455166578313,0.7667079207920792,0.0961349387997204,Starwars
0.0407108452838734,194.4736207987732,27.061418546337585,0.7418341708542714,0.1982142430324197,Starwars
0.1515868711877602,206.6482614571444,38.12466493955218,0.7059577194106342,0.1699021628780621,Starwars
0.0215016147753015,142.39381245675563,27.818145255342404,0.6580118694362018,0.2909029277361574,Harry
0.0227541712365506,195.93417123726368,38.94838639999682,0.7960122699386503,0.2819413633258772,Harry
0.0485555094733342,184.5114374252377,41.94972747450336,0.8017456359102244,0.1062800521077362,Harry
0.0253174886523528,208.3939638754087,26.999697528115725,0.7614879649890591,0.1659862783247613,Starwars
0.0064531598941475,149.1907909700905,32.67292926256227,0.7364400305576776,0.1517936558807847,Harry
0.0280441034837993,215.548705588776,37.24134908782634,0.6842759477936606,0.1941862896801698,Harry
0.0111072811888328,129.2947068984672,28.26464791547927,0.5698924731182796,0.1555807308617261,Harry
0.0369970244888919,181.723979128085,32.054165413493216,0.774168600154679,0.2134334674597707,Harry
0.0516256358525524,413.22866877946456,16.390347655499017,0.4996577686516085,0.2771532307833436,Harry
0.0026170172159547,139.7343301572598,27.416016671491263,0.6993180409175449,0.1970054242936287,Starwars
0.1041635504396442,239.655982239568,36.37366641842436,0.8635036496350365,0.1131801869428013,Starwars
0.0202130477662312,431.6085313988901,13.826599858103902,0.479090242112986,0.2822115759255726,Starwars
0.0453736205385237,132.5095620633303,21.47130496496316,0.6085889570552148,0.1530740626649307,Starwars
0.0292491202439307,161.0311248706886,41.410886452264585,0.5733634311512416,0.1413096067685636,Harry
0.023636390321611,283.7782341461384,28.18317902718791,0.665896843725943,0.1815963384651672,Starwars
0.053840004129144,164.8789775106072,34.107826458591454,0.7016185784658691,0.1926054212799517,Harry
0.042422186126959,141.3411846485833,32.20747511665178,0.7617471872931834,0.1715588780250319,Starwars
0.0239488111560927,294.82234676890903,29.170301602713767,0.774168600154679,0.1901439822679091,Starwars
0.030403592880458,320.11389801336406,75.42933189104772,0.8318729463307777,0.2362232528490867,Harry
0.0119213253531412,425.3109196012074,27.740399622722805,0.3864844343204252,0.2282297121609273,Harry
0.0347716718934926,393.1796101970855,40.25050308912884,0.900611620795107,0.2052904640282492,Harry
0.0390100439348371,172.27586549726746,39.407694361702106,0.8204225352112676,0.2154808171202948,Harry
0.00880780757818,415.5028179581825,5.366293275150363,0.0037565740045078,0.2129363454506263,Starwars
0.0195478917866091,126.05736135571448,28.062951888317404,0.6750998668442078,0.1126519890084018,Starwars
0.0431692551844495,401.4753349200447,31.10431397766537,0.5401966454598034,0.2044710151234713,Starwars
0.0259349315810574,251.8051127438145,40.041047654942105,0.6551236749116608,0.1910527019592607,Starwars
0.0237723654006395,171.87508164984095,37.99769842042402,0.6625172890733056,0.1755663682721979,Starwars
0.0021574301952729,321.1251168687158,46.46220698361196,0.6178217821782178,0.1233368874871474,Starwars
0.0479092766967633,191.23794462508013,51.55768616498396,0.78535170413343,0.1514733705661134,Harry
0.0214154136574582,214.5423782862814,46.45281328945954,0.7470238095238095,0.1185017151768288,Starwars
0.0758624378448398,325.96280829067564,70.26343480608605,0.8172782874617737,0.2425773997163517,Harry
0.0467818094496561,408.3299174876906,31.41058051691004,0.7098765432098766,0.2259871816742797,Starwars
0.1105506285715527,401.09838705345567,28.47229023425024,0.770941438102298,0.1985467142448358,Starwars
0.0344693360985243,189.93849889085644,50.36996493658094,0.7199471598414795,0.2976604443927843,Harry
0.0289634643735775,193.80735805384336,55.95313810329495,0.8106761565836299,0.1204234438118324,Harry
0.0233119131086983,300.36265280594574,47.4418603217891,0.7638700947225981,0.0840411464344332,Starwars
0.2752488703037827,140.36222061378186,11.114216709546596,0.8233194527067222,0.1428921871861742,Starwars
0.0395191237599664,321.55174596475075,17.434485035411775,0.7847809377401999,0.2480931422429406,Harry
0.0201707132459826,210.7988960071457,44.99264826050672,0.7344794651384909,0.1153439581931286,Starwars
0.0319160642619303,181.8093228243322,36.86494371632981,0.8895877009084556,0.2656177419633664,Harry
0.2307225314586736,234.39513118098796,61.38607291879188,0.8894009216589862,0.1038336067407107,Starwars
0.0132625943697415,303.7078450885632,68.1787470207165,0.6273062730627307,0.0921935547701897,Starwars
0.042096170209753,125.18291767826967,20.21597861669464,0.7967718268525312,0.1840418582879313,Harry
0.0494838453675038,318.6341435348392,74.72042740117004,0.8232720909886264,0.1198467632040545,Starwars
0.0422248346748281,243.37596708025944,56.35679969200377,0.7986453201970444,0.2538295923883429,Starwars
0.0298399452750982,297.593196396803,62.74575735845845,0.6257022471910112,0.2832738898347229,Harry
0.0134131631858459,127.2468641577564,32.70484046754735,0.6801556420233463,0.0888869962095503,Starwars
0.0149450897287566,129.01946251899858,26.33375348875829,0.6947621914509332,0.1714342026564348,Harry
0.0323544318058269,158.1052015563239,35.47021704749798,0.8076639646278556,0.1376836636660049,Harry
0.0933349085569691,183.919369143538,45.78548077804847,0.8384710234278668,0.212212916910281,Harry
0.0203890646358985,127.77614158452076,24.02235644987592,0.8502350570852921,0.2376387710630362,Harry
0.0319971001029106,149.67124367610742,30.198775635009905,0.7757296466973886,0.1776803903258056,Harry
0.5589589483524257,163.21560552885117,41.79898564108111,0.7346938775510204,0.1412076962488761,Starwars
0.0370901310572455,195.29510723795303,31.85285134891939,0.859122401847575,0.1747412309020314,Starwars
0.0616590581451225,175.51813310941012,34.00767060182649,0.8774289985052317,0.1671506331880498,Harry
0.0484170091733579,153.7916423750346,21.22936534527388,0.8390177353342428,0.1417619634251549,Harry
0.0260100029959161,153.10960701882468,18.107340290894964,0.6842105263157895,0.1170494531589851,Starwars
0.0388620489365829,145.85568345272583,42.650113473188064,0.6973684210526315,0.1473742087671259,Harry
0.0051011860299903,186.00830614548616,50.325022433844985,0.722384570426651,0.1455804821179516,Starwars
0.0254315214466974,154.08872714850392,32.24695774715449,0.6876075731497419,0.1054412186034022,Harry
0.0600964262010913,235.08524922321467,70.17518060772146,0.8893466745144203,0.2345364972338762,Starwars
0.0069301249803664,136.35188214412352,28.412777495576893,0.6736792893875643,0.1218148320317982,Starwars
0.0534057304727673,384.3168314203245,30.48133170560609,0.599687255668491,0.2426202249497005,Starwars
0.0285329683451135,273.19784170992864,58.363023755563766,0.5190525231719877,0.1317121646233598,Harry
0.0260788564779441,319.9374581299676,59.47121671687874,0.8441388343156516,0.1090544219388393,Harry
0.033775111903315,328.7144671864836,60.349873734964746,0.8275627970128988,0.2222006534694768,Harry
0.0483364539934028,356.88571247192925,71.04571507127957,0.5694177863083814,0.239728908864241,Starwars
0.0183438750113153,130.5526133292017,27.02414077646467,0.7322335025380711,0.0709283510436616,Starwars
0.0068513318999376,267.4486119178322,40.55418328070221,0.8241167434715821,0.0896763444371752,Starwars
0.0081293546357586,322.1765701566227,63.12055200159495,0.6853448275862069,0.1619374322379446,Harry
0.0515282637559326,313.70092912699783,53.04873607522106,0.8333333333333334,0.2284184826949453,Starwars
0.0380535708158924,115.08790034479108,23.24232141121429,0.7533444816053512,0.1351972805208602,Harry
0.1117243987149406,392.128839103871,30.17488978450908,0.6015531660692951,0.1875121430420721,Harry
0.020107239844858,158.5644097463884,41.69007432351076,0.7611837577426015,0.0636123181790652,Starwars
0.0288113198113037,120.11165044074532,27.39208389675477,0.6568877551020408,0.1649040239306066,Starwars
0.0289085918099711,129.80070996887764,29.56776123004425,0.6424394319131161,0.2001816749928481,Harry
0.022657173403238,405.763796713557,29.817187456599125,0.7002220577350111,0.2111587160333308,Harry
0.1103544165816579,337.65196004926713,77.84135161379893,0.906754772393539,0.2323652294875938,Starwars
0.0510305137954756,150.06880527303446,39.15983511627022,0.9278752436647172,0.2591219353880333,Starwars
0.0268192965433067,163.5534480858315,20.06029227314651,0.7947019867549668,0.2383591642816342,Starwars
0.0232109489649938,400.6836271898752,32.55656882776889,0.6193979933110368,0.2616474305619174,Harry
0.033198994689604,405.70906003539415,32.379306507094725,0.786589762076424,0.2008310602914517,Starwars
0.0099753615367843,329.02975324957623,73.11554200436906,0.8525206922498119,0.2013168088781561,Starwars
0.0404198122592869,327.1287942294719,67.67242101922318,0.8671641791044776,0.2555532932734577,Harry
0.0169777451384416,123.26105592524856,27.4293323565662,0.7652040030792918,0.1102962596157945,Starwars
0.0441013153969598,252.7395399230968,66.56823013878858,0.8144726712856043,0.2033551396874177,Harry
0.0247887115825631,224.31413617265684,59.26357088789759,0.7820620284995808,0.2194285451305629,Starwars
0.0270732702077688,207.10157059498405,40.27626142666431,0.91072768192048,0.2480835010670032,Harry
0.0369459196406359,256.9497620362693,57.476195852599496,0.809331797235023,0.1142948534435127,Starwars
0.0307671562079396,183.929927805147,37.50072923267356,0.711600777705768,0.1493118253266337,Harry
0.0273840434637145,123.298064699729,21.671596160506954,0.5332400279916025,0.0948290747523818,Starwars
0.0354534873022217,373.4621665928139,37.78937200342579,0.7690014903129657,0.2025357907330593,Starwars
0.0317425181380218,334.3897371244795,68.1740117195506,0.8685983827493261,0.2001297979162056,Harry
0.0277035854888751,125.92498508980997,27.07566698049349,0.7453846153846154,0.1823741932255759,Harry
0.0702926879434251,159.17638250745003,29.205470657358173,0.7765124555160142,0.2337728669378451,Starwars
0.0567629695914338,333.81979534560946,67.86926769742372,0.7835595776772247,0.2278114056385211,Harry
0.0394774711990936,176.04469639909166,45.0881818756411,0.8459837877671333,0.1595254204508914,Harry
0.0380395619962949,204.66382171150283,60.922816508673264,0.8813825608798115,0.2333663900006878,Harry
0.0388833150308415,210.57061490087355,46.52101546962084,0.8259430840502978,0.2700733451613799,Harry
0.0608114542125521,219.76195947527188,50.26895825377514,0.874325366229761,0.1265651560412118,Starwars
0.0388677720279193,176.60321958208146,39.092891051418775,0.9265988372093024,0.2952597757209318,Harry
0.001030222244161,419.21520871044737,14.75748584759475,0.0931989924433249,0.2025800621908323,Harry
0.0302697361443802,335.1497158789216,70.64631404410359,0.8146674246731097,0.1461248039734395,Harry
0.1021519031956406,389.4916373510143,39.387255877649366,0.6492389146260754,0.1731810260948764,Starwars
0.0192031092514955,389.4526935210658,31.480590228449653,0.6258555133079848,0.2338478927442387,Harry
0.0339049056712051,258.92773597243706,72.73020641158698,0.7756024096385542,0.1308167734145106,Starwars
0.0183682566971262,390.9106439313145,34.692646097030135,0.6121883656509696,0.2399300157078692,Harry
0.0203489414766128,172.42652659871013,48.28242186696638,0.9172366621067032,0.230577010517271,Harry
0.0183242842685909,408.9729287758152,26.430898579272903,0.793584379358438,0.184710339862886,Starwars
0.0857341564696493,159.24745923193967,30.466905674685133,0.7943156320119671,0.1034509278945179,Starwars
0.0920692841644167,365.5733274700192,27.96698439176324,0.7159590043923866,0.2280215913014347,Starwars
0.0195122891897832,417.4147084416829,26.222237879729448,0.7766714082503556,0.150477316027077,Harry
0.0350042442320984,193.99191258507477,28.80365395690783,0.8457979953739398,0.1632948187318847,Starwars
0.0205204110081336,313.338836545638,74.09940351639298,0.782608695652174,0.2062909220633285,Harry
0.1036986395613059,402.0755489919484,29.275892369007625,0.7549715909090909,0.2208727855959781,Starwars
0.0016297625000999,161.33622957618724,34.20934682052368,0.8811387900355871,0.2357238193929621,Harry
0.0229460437963148,384.506969905066,38.38382143858526,0.850121359223301,0.2370237422191436,Starwars
0.0030682119590511,158.6919027210183,25.851484807454963,0.8225496476617553,0.2114243620880357,Starwars
0.0379110709366391,400.5011282516794,33.72427666556917,0.7825189263592567,0.2084959221704348,Harry
0.0294128512264476,177.6658068451238,45.76300860378751,0.7820424948594928,0.2158609927572607,Harry
0.0290208648326194,188.51099247109136,45.87479394583121,0.8362427265170407,0.2471893742927786,Harry
0.018513275954984,345.8860462202271,61.51018034372487,0.7617148554336989,0.1133278463877707,Starwars
0.0295186773106682,395.5423680514606,41.55097920771278,0.769406392694064,0.154429200550837,Starwars
0.1019348853456287,242.02096757349457,35.5211579517198,0.8081100651701666,0.259389090749191,Harry
0.0419393386206109,389.5429711157767,33.456309154878305,0.6505449591280654,0.3023926522648613,Harry
0.0316535441080729,185.60257275249828,44.90788551045939,0.6513693560325685,0.0674390474465134,Harry
0.021067827047782,334.7918717572672,47.92319679146633,0.932806324110672,0.1726950309559713,Harry
0.0346147894121228,236.80756334525057,49.93476740649405,0.8458121827411168,0.1151192861356867,Starwars
0.0703272788673747,401.6221402680899,30.909336062196164,0.5993640699523053,0.1718646605906449,Starwars
0.0302247493387126,169.2149918388251,38.42795092187691,0.680805176132279,0.1828272382938328,Harry
0.0573676351786903,181.1924306161549,44.86066487582359,0.6874003189792663,0.3003590964396737,Harry
0.0199885417307605,386.2929975347408,36.14984260043302,0.6603910209992759,0.1337349032634726,Starwars
0.0046561032036186,396.3384771749968,32.77128626130802,0.5799848369977255,0.1440130463202651,Harry
0.0349977947450491,332.11052815914286,65.1290102994416,0.8415622697126013,0.1752676094571974,Harry
0.0483208702775419,258.5918190701188,61.800296156723405,0.7900383141762453,0.2067643311880485,Starwars
0.0739362761389293,132.61384466740557,17.4288778340105,0.8873456790123457,0.1565668829796829,Starwars
0.0431105167571872,405.9618705739685,31.023319106107586,0.7864823348694316,0.1985596932995056,Harry
0.0277514384343073,130.7997917743357,25.841234901100805,0.7360666239590007,0.1985602121175368,Starwars
0.1868161310115197,306.66685416149903,66.16145515115883,0.9310829817158932,0.2369856362622449,Harry
0.0151637777305986,224.933740204417,50.53057194058032,0.4862316107129385,0.141592160501364,Starwars
0.015836872672429,136.9143111314329,18.439990465186064,0.4704604691572545,0.1172895150600775,Starwars
0.0405662794369027,156.07091956977797,28.288976738054902,0.7626297577854672,0.1118057125830211,Harry
0.0279138638645893,147.64271740446682,39.60585512191102,0.57319737800437,0.1540882418474951,Harry
0.0130127179299591,125.71515272369334,32.69584266143018,0.6787086856264412,0.0914196271817155,Starwars
0.0457331767332745,157.7602158044366,46.71616499053549,0.7286702536510377,0.1506947129596536,Starwars
0.0083957887345348,240.63349188524847,35.66236086898291,0.7881773399014779,0.1987812286476591,Harry
0.0107125267579974,177.00722437691766,38.36176130961864,0.7555831265508685,0.2047016929932545,Harry
0.0317993503318653,189.2672502210445,56.99917136621955,0.9321901792673422,0.270833681966778,Harry
0.0307285436048195,137.87308558016076,19.94915174896036,0.7064352856109906,0.1168106940386913,Starwars
0.0192007949698801,410.098775473436,23.906425023287778,0.7983490566037735,0.1811958118563808,Starwars
0.0549822579493806,278.6996482848891,62.04257003488038,0.7183734939759037,0.1240992981847534,Starwars
0.0670016321956403,157.57297672646368,33.77047525078164,0.7781155015197568,0.1089948028637517,Starwars
0.0388338885609562,421.0495199850457,27.36285512833675,0.6403574087862993,0.1885819841268187,Harry
0.0297911924239729,396.6797384857293,32.687444852312886,0.797523670793882,0.1956587399836547,Starwars
0.0298457189979198,418.46833443353,24.940802477944622,0.8074245939675174,0.1354782629336881,Harry
0.023783420242426,256.66173710743925,72.35656321296506,0.8382913806254767,0.1296765086584628,Starwars
0.0281731653517957,141.5679450972679,29.49944903589337,0.6584821428571429,0.1986461988023833,Starwars
0.0581422077618592,169.4504118084577,33.52896725660254,0.8435754189944135,0.2664258408305174,Harry
0.0088059496690062,110.6375025146254,24.241751802437808,0.6411716842961758,0.1142108393834896,Harry
0.0179244511996669,313.91672364948795,45.38529161587704,0.8405267008046818,0.2133037705826275,Starwars
0.0430044262385715,140.03779927378088,28.624281135161933,0.8892988929889298,0.1498897352880591,Starwars
0.0516899879762017,188.26723391460192,55.7307602104841,0.7997107736804049,0.2742142467516248,Harry
0.0085473239684559,382.4282975548163,46.545466291795606,0.5754583921015515,0.1571081273946764,Starwars
0.0520351801719173,336.72778421242566,70.4592014884858,0.8337182448036952,0.1965093525361995,Starwars
0.0564549250030276,415.1200329287673,23.68762036122171,0.6449885233358837,0.2171037281127356,Harry
0.0732544946854639,168.40263316595954,25.366326595527774,0.8310185185185185,0.1985986961195685,Starwars
0.0042516405692701,288.9542102003776,26.3252119082212,0.7051792828685259,0.2468667690930416,Starwars
0.0315954134564874,168.7070871172716,29.76163877873927,0.5857580398162328,0.2542145702720615,Starwars
0.0408988216818911,228.9116137616541,42.15524362143541,0.8010680907877169,0.1096430481442675,Starwars
0.0418056126859301,420.1832696488357,20.44775920023792,0.819454679439941,0.150342466247991,Harry
0.0179519250674393,330.2213382477621,64.6203925150121,0.85703125,0.1772766258568375,Harry
0.0075536436597829,411.8664767238329,41.78805655177958,0.6175243393602226,0.1954588117095851,Starwars
0.0482820953377667,172.20428772669888,42.784986316372944,0.8435277382645804,0.1603054091453763,Harry
0.0236116503105788,291.51795756224743,53.132843828066406,0.8899082568807339,0.1891127265763099,Harry
0.0009598010464718,165.87670318258287,31.627625885983225,0.8827292110874201,0.2454944009365028,Harry
0.0181115970918973,133.50806066241492,24.29395506414909,0.7515337423312883,0.1134485159169641,Starwars
0.0253345209721617,246.880652739407,43.40301828597841,0.6758280479210712,0.2017734404159289,Starwars
0.0519143910148353,172.22846499890258,31.33671608510707,0.8556925308194344,0.2228564711208943,Harry
0.0250859393423924,326.0351353983474,38.66108554245655,0.7710750193348801,0.1514183006749766,Harry
0.0412551233789592,425.8819441223054,26.584338767753398,0.8047117172969622,0.2923957785895664,Harry
0.0157680713282173,410.487843716834,52.77153891109371,0.656441717791411,0.1327166877298093,Starwars
0.0050005694256276,288.8113587504444,44.83496426663823,0.5449785816277963,0.1120822726437632,Starwars
0.0285181542294752,416.9623259313656,26.97169544098438,0.5393759286775631,0.1718478189248213,Harry
0.0129126876479637,391.4871474175195,28.70369802462211,0.5467943994104643,0.1520076888052831,Harry
0.0229835078937219,156.83821409098445,30.67697732701845,0.8501152959262106,0.1805764137245228,Harry
0.0246802266046646,388.5900864777752,27.45080640651859,0.6217257318952234,0.2612985102773373,Starwars
0.0399284984414445,282.1545976043883,65.29765684300088,0.7801879971077368,0.2202260761227172,Harry
0.0351096909249811,182.398438143653,48.505196477712815,0.8769349845201239,0.2061449287980145,Harry
0.0451922583053122,129.7402510566793,18.044220677730152,0.770687237026648,0.1349514574753253,Starwars
0.0391334598363967,156.24698752960373,39.0566710716252,0.7177875549968573,0.1247554570421658,Starwars
0.0562058933069897,157.7392467295231,36.08301195760748,0.8995363214837713,0.1074535544913738,Harry
0.0300379267574168,168.23840593240627,24.580776008167025,0.8722139673105498,0.1258681742690112,Starwars
0.020441990048102,403.0610256628863,38.50260129225479,0.56629653821032,0.2513940251333203,Harry
0.1030489451849638,383.919015415393,54.13916914128895,0.7046979865771812,0.2337431966121994,Harry
0.0246771134494641,161.63312179155608,33.20448548757426,0.9224865694551037,0.1055052707138461,Harry
0.0384136747993312,130.78911093637214,22.767275534985565,0.7963224893917963,0.1845010112729023,Harry
0.0087534425958451,404.37958397611686,32.702271194873724,0.3388259526261586,0.1423951194947352,Harry
0.0315649058708335,242.9868876779813,60.376626215251406,0.8017676767676768,0.1229889560924667,Starwars
0.0038366701921869,387.61777600046486,29.65682488732849,0.882837238758708,0.2353092136841665,Starwars
0.0126362308526118,397.9679204991423,38.31623226835303,0.5621387283236994,0.1857866871347082,Starwars
0.0885044913161396,160.51068751083452,28.687302194047383,0.7603930461073318,0.1178170425239834,Starwars
0.0218743530298678,192.994770079376,42.68595432233425,0.7967764540995095,0.1872957440920084,Starwars
0.0423544364917519,260.3094660839964,34.2707343227543,0.7198162729658792,0.0801552586497467,Starwars
0.029038882660664,192.39704291486203,41.62216817121178,0.8397932816537468,0.1534448805320629,Harry
0.0195279566961328,401.3768225613718,34.5123427278414,0.5442139737991266,0.2393079600944797,Harry
0.0237191582411549,203.404944152946,35.16689944772113,0.8928980526918672,0.2171858745614816,Starwars
0.0273457165505429,254.39757471857797,73.42994465065647,0.7595029239766082,0.0656708107457316,Harry
0.0239601530622122,119.99532533755168,32.473588624552605,0.6579254079254079,0.1122496849640516,Starwars
0.0195300741720157,179.00807433168802,35.030941699504254,0.7548076923076923,0.1602389728296924,Harry
0.0257338738769517,136.00838229978126,25.93376983176431,0.5785714285714286,0.0683737236986133,Starwars
0.0142224048755653,398.4362489344917,33.37879239925572,0.724622030237581,0.2476038663781109,Harry
0.0328927126797762,100.28756009606931,17.6935173639655,0.8561695685087055,0.1937937784249407,Harry
0.0227104551503827,393.21950393532734,38.84433049704296,0.714987714987715,0.2492549365773322,Harry
0.0356787618866634,392.33425015609856,28.6335129157852,0.182741116751269,0.3074781353181572,Harry
0.0394694681034805,401.3589645615238,29.79276291850173,0.6467304625199362,0.1620003511497035,Harry
0.0415804385820617,386.5559991052676,35.31993539784733,0.4932432432432432,0.1738761640839911,Starwars
0.0252471308902219,139.4655411402948,23.339106156650864,0.7760736196319018,0.1252831863410029,Starwars
0.0225645804953472,387.0966359407597,30.79946914444547,0.4149922720247295,0.2783716390483836,Harry
0.0181780977079325,376.5431197242679,38.0549555877404,0.6563876651982379,0.2172922898567585,Starwars
0.0529886615579487,246.3107449696124,70.9949564977382,0.8046709129511678,0.1391673228942603,Starwars
0.0280711470942794,403.5930226619788,22.908482560118607,0.7503660322108345,0.2800384225183968,Harry
0.05004721152799,241.79970030336528,57.1584195501698,0.7605633802816901,0.2418014334174607,Starwars
0.02359946396894,399.25857759410746,36.42002622184302,0.6860215053763441,0.2890571610020725,Starwars
0.0725817319746809,174.59972256101923,34.90068397930097,0.7865497076023392,0.1952696970416627,Harry
0.0053843010818969,410.2306025293844,35.37935243295903,0.6575449569976545,0.1758589362261948,Starwars
0.0437945857460827,406.0118831713903,34.28406005301513,0.6068548387096774,0.2467573584941996,Starwars
0.0104960620579179,391.4607346857915,39.365843229729656,0.7352941176470589,0.1811816629056665,Harry
0.0419310990863974,215.1653468474593,51.95434446982983,0.8369483919222139,0.1403075290318102,Starwars
0.0188879212638375,122.62735276780585,23.77341820731605,0.7495361781076066,0.0686993557422436,Starwars
0.0256955697070318,332.11539786530204,70.88376685581,0.8389261744966443,0.2136644664065332,Starwars
0.0058797837083205,389.4669226577207,32.687520899448195,0.7599193006052455,0.1831675561675838,Starwars
0.0240620229403485,390.43304609628245,34.997469487910855,0.7239692522711391,0.1867962273795662,Harry
0.0308419899669809,407.3470273122409,20.66376970974392,0.6801959412176347,0.1941538498381326,Starwars
0.0438477340017914,177.1204251870815,29.101990213454048,0.7588401697312589,0.1641899942043171,Harry
0.0314927791401163,167.24869339491153,30.41847727620512,0.7458912768647282,0.2665479661843359,Harry
0.0323780219097636,205.04652153685663,31.36556987159074,0.806930693069307,0.2083203905014644,Starwars
0.019965014898791,123.58216396359111,23.54593560210034,0.7838224767358626,0.1381919109695918,Harry
0.0102441898852832,197.17528440151852,48.005129616160445,0.7358374384236454,0.108461242658992,Harry
0.0647096940335328,395.5106178822242,29.128887370430185,0.7630685675492193,0.1589121859699641,Harry
0.0231880832738538,131.39309941223112,17.49787175243708,0.8022388059701493,0.1292333478354874,Starwars
0.0234792683167341,181.61987931035037,39.798764547612834,0.7215189873417721,0.1244702637371923,Harry
0.0635897222958633,280.53462497896,62.32389079495825,0.8042212518195051,0.2392636512330715,Harry
0.0471792713132491,314.45706737442714,64.05041492916972,0.9395604395604396,0.2532430124558274,Harry
0.0357597063539158,136.98864066909098,26.999935025416352,0.724109362054681,0.1354738474240572,Starwars
0.0363039097664611,316.46131109655727,50.41579087515705,0.5743059335873707,0.1895239782882343,Starwars
0.0328849738337897,117.15714272997148,24.16831509864872,0.7205770690964313,0.1327465883722136,Harry
0.0255394283066295,420.09825536497056,26.283074454308245,0.5595959595959596,0.2437849527679939,Harry
0.0105591456095377,182.5905664101139,35.34234446619185,0.6777691711851278,0.0986846217484135,Harry
0.0817729204484727,264.3328187090057,42.449633242185,0.8678571428571429,0.2081540597653769,Harry
0.5407423906798992,168.2477794540304,39.73063484944948,0.7107765451664025,0.145387781656492,Starwars
0.0343148677086189,154.50764512613546,35.46615991022877,0.8151447661469933,0.1689614782246234,Starwars
0.0680565920857008,193.82263963539307,47.33055328666112,0.8505034856700232,0.1487926225757434,Harry
